Date,Flu_season,Hurricane_season,Back_to_school_season,RSV_season,Post_Covid_Indicator,Spring_Break,Holiday,Game_Day,Admitted_patient_volume,Discharged_patient_volume,Covid_patient_volume,ED_patient_volume,OBS_patient_volume,Currently_in_hospital_volume,Hour_of_day,is_non_zero,log_ED_volume,dayofweek,weekofyear,month,is_weekend,rolling_mean_7,rolling_mean_7_lag_1,admit_x_obs,ed_ratio
2023-01-08,1,0,0,1,1,0,0,0,163,132,91,161,46,90,23,1,5.087596335232384,6,1,1,1,2.670535413836152,2.5865658902787065,7498,1.7912087912087913
2023-01-09,0,0,1,0,1,0,0,0,174,96,60,151,8,38,21,1,5.0238805208462765,0,2,1,0,3.388232631099906,2.670535413836152,1392,4.461538461538462
2023-01-10,0,0,0,0,0,1,0,0,173,55,82,0,31,46,3,0,0.0,1,2,1,0,3.388232631099906,3.388232631099906,5363,3.6808510638297873
2023-01-11,0,0,0,1,0,0,0,0,79,65,62,154,27,52,21,1,5.043425116919247,2,2,1,0,3.400746639573904,3.388232631099906,2133,1.490566037735849
2023-01-12,1,0,0,0,0,0,0,1,57,88,65,109,33,95,23,1,4.700480365792417,3,2,1,0,3.398172567359236,3.400746639573904,1881,0.59375
2023-01-13,1,0,1,0,0,0,0,0,147,162,68,154,45,73,7,1,5.043425116919247,4,2,1,0,3.5569724936727956,3.398172567359236,6615,1.9864864864864864
2023-01-14,0,0,0,0,0,0,0,0,106,120,79,193,13,33,12,1,5.267858159063328,5,2,1,1,4.309523659253271,3.5569724936727956,1378,3.1176470588235294
2023-01-15,0,0,0,0,1,0,1,1,160,159,87,221,47,80,9,1,5.402677381872279,6,2,1,1,4.354535237344685,4.309523659253271,7520,1.9753086419753085
2023-01-16,0,0,0,1,0,0,0,0,122,104,67,0,47,43,1,0,0.0,0,3,1,0,3.6368380200809307,4.354535237344685,5734,2.772727272727273
2023-01-17,0,0,0,0,1,0,0,0,164,178,97,217,11,57,7,1,5.384495062789089,1,3,1,0,4.406051600479373,3.6368380200809307,1804,2.8275862068965516
2023-01-18,0,0,0,1,0,0,0,0,69,98,22,0,46,21,5,0,0.0,2,3,1,0,3.6855622980623375,4.406051600479373,3174,3.1363636363636362
2023-01-19,0,1,0,0,1,0,0,0,74,70,52,0,8,32,15,0,0.0,3,3,1,0,3.0140651029491345,3.6855622980623375,592,2.242424242424242
2023-01-20,0,0,0,1,0,0,0,1,68,86,85,199,9,88,17,1,5.298317366548036,4,3,1,0,3.0504782814675333,3.0140651029491345,612,0.7640449438202247
2023-01-21,0,0,0,1,0,0,0,0,54,165,60,160,9,22,16,1,5.081404364984463,5,3,1,1,3.0238420251705524,3.0504782814675333,486,2.347826086956522
2023-01-22,0,1,0,1,0,0,0,0,124,73,28,0,15,96,5,0,0.0,6,3,1,1,2.2520309706173696,3.0238420251705524,1860,1.2783505154639174
2023-01-23,0,0,0,0,0,0,0,0,177,104,30,154,45,54,12,1,5.043425116919247,0,4,1,0,2.972520273034405,2.2520309706173696,7965,3.2181818181818183
2023-01-24,0,0,0,1,1,0,0,0,121,74,92,0,32,74,22,0,0.0,1,4,1,0,2.2033066926359637,2.972520273034405,3872,1.6133333333333333
2023-01-25,0,0,0,0,1,0,1,1,89,176,33,170,20,56,13,1,5.14166355650266,2,4,1,0,2.9378300578506296,2.2033066926359637,1780,1.5614035087719298
2023-01-26,0,0,0,0,0,0,0,0,75,142,35,0,45,67,20,0,0.0,3,4,1,0,2.9378300578506296,2.9378300578506296,3375,1.1029411764705883
2023-01-27,0,0,0,1,0,0,1,0,76,143,54,0,34,14,9,0,0.0,4,4,1,0,2.1809275769151957,2.9378300578506296,2584,5.066666666666666
2023-01-28,0,0,0,0,0,0,0,0,132,120,37,117,8,86,23,1,4.770684624465665,5,4,1,1,2.1365390425553676,2.1809275769151957,1056,1.5172413793103448
2023-01-29,0,0,0,1,0,0,0,0,177,171,91,136,6,14,10,1,4.919980925828125,6,4,1,1,2.8393934605308138,2.1365390425553676,1062,11.8
2023-01-30,0,0,0,0,1,0,0,1,82,73,38,116,7,69,12,1,4.762173934797756,0,5,1,0,2.799214720227744,2.8393934605308138,574,1.1714285714285715
2023-01-31,0,0,0,0,1,0,0,0,146,60,26,152,25,30,11,1,5.030437921392435,1,5,1,0,3.5178487089980917,2.799214720227744,3650,4.709677419354839
2023-02-01,0,0,0,0,0,0,0,0,160,122,77,122,10,33,8,1,4.812184355372417,2,5,2,0,3.4707802516937716,3.5178487089980917,1600,4.705882352941177
2023-02-02,0,0,0,0,1,0,0,0,65,61,53,206,47,27,3,1,5.332718793265369,3,5,2,0,4.232597222160253,3.4707802516937716,3055,2.3214285714285716
2023-02-03,1,0,0,0,0,0,0,0,72,84,70,0,22,30,6,0,0.0,4,5,2,0,4.232597222160253,4.232597222160253,1584,2.3225806451612905
2023-02-04,1,0,0,0,1,0,0,0,184,72,77,0,48,63,23,0,0.0,5,5,2,1,3.5510708472365864,4.232597222160253,8832,2.875
2023-02-05,1,0,0,0,0,0,0,1,75,132,83,232,9,19,21,1,5.4510384535657,6,5,2,1,3.6269362083419545,3.5510708472365864,675,3.75
2023-02-06,0,0,0,0,1,1,0,0,145,137,34,160,13,33,1,1,5.081404364984463,0,6,2,0,3.672540555511483,3.6269362083419545,1885,4.264705882352941
2023-02-07,0,0,0,0,1,0,0,1,61,129,76,0,24,94,6,0,0.0,1,6,2,0,2.9539065667411357,3.672540555511483,1464,0.6421052631578947
2023-02-08,0,0,0,0,0,0,0,0,121,146,11,126,32,98,8,1,4.844187086458591,2,6,2,0,2.958478385467732,2.9539065667411357,3872,1.2222222222222223
2023-02-09,0,0,1,0,1,0,0,0,182,83,98,0,30,69,4,0,0.0,3,6,2,0,2.196661415001251,2.958478385467732,5460,2.6
2023-02-10,0,0,0,0,0,0,0,0,155,124,58,187,22,66,14,1,5.236441962829949,4,6,2,0,2.9447245525483865,2.196661415001251,3410,2.3134328358208953
2023-02-11,0,0,0,0,0,0,1,0,166,177,79,190,23,32,17,1,5.25227342804663,5,6,2,1,3.695049327983619,2.9447245525483865,3818,5.03030303030303
2023-02-12,0,0,0,1,0,0,0,1,75,80,35,0,7,31,3,0,0.0,6,6,2,1,2.9163295489028047,3.695049327983619,525,2.34375
2023-02-13,1,0,0,1,1,0,0,0,182,179,81,232,13,77,18,1,5.4510384535657,0,7,2,0,2.9691344187001243,2.9163295489028047,2366,2.3333333333333335
2023-02-14,0,0,0,0,1,0,0,0,71,152,36,170,40,43,19,1,5.14166355650266,1,7,2,0,3.70365778391479,2.9691344187001243,2840,1.6136363636363635
2023-02-15,0,0,0,0,1,0,0,0,62,64,98,199,35,79,6,1,5.298317366548036,2,7,2,0,3.7685335382132825,3.70365778391479,2170,0.775
2023-02-16,0,0,0,1,1,1,0,0,156,106,27,0,21,37,7,0,0.0,3,7,2,0,3.7685335382132825,3.7685335382132825,3276,4.105263157894737
2023-02-17,0,0,0,0,0,0,0,0,72,124,63,151,27,48,16,1,5.0238805208462765,4,7,2,0,3.7381676179299004,3.7685335382132825,1944,1.469387755102041
2023-02-18,0,0,0,0,1,1,0,0,146,83,10,187,38,51,12,1,5.236441962829949,5,7,2,1,3.735905980041803,3.7381676179299004,5548,2.8076923076923075
2023-02-19,0,0,0,0,0,0,0,0,67,152,70,0,45,32,23,0,0.0,6,7,2,1,3.735905980041803,3.735905980041803,3015,2.0303030303030303
2023-02-20,1,0,0,1,0,0,0,0,166,124,12,0,45,79,20,0,0.0,0,8,2,0,2.9571862009609893,3.735905980041803,7470,2.075
2023-02-21,0,0,0,0,0,0,0,0,79,78,77,80,9,89,22,1,4.394449154672439,1,8,2,0,2.8504412864138144,2.9571862009609893,711,0.8777777777777778
2023-02-22,1,0,1,0,1,0,0,0,75,65,50,61,19,11,10,1,4.127134385045092,2,8,2,0,2.6831294319133936,2.8504412864138144,1425,6.25
2023-02-23,1,0,0,1,1,0,1,0,193,126,46,161,7,33,0,1,5.087596335232384,3,8,2,0,3.409928908375163,2.6831294319133936,1351,5.676470588235294
2023-02-24,0,0,0,1,0,1,0,0,88,86,60,176,23,26,1,1,5.176149732573829,4,8,2,0,3.4316816529076704,3.409928908375163,2024,3.259259259259259
2023-02-25,1,1,0,0,0,0,0,1,179,130,24,179,32,74,16,1,5.19295685089021,5,8,2,1,3.425469494059136,3.4316816529076704,5728,2.3866666666666667
2023-02-26,0,0,0,0,1,0,0,0,162,173,17,203,7,79,4,1,5.318119993844216,6,8,2,1,4.185200921751167,3.425469494059136,1134,2.025
2023-02-27,0,0,1,1,0,0,0,0,183,68,47,125,42,78,5,1,4.836281906951478,0,9,2,0,4.8760983370299495,4.185200921751167,7686,2.3164556962025316
2023-02-28,0,0,0,0,1,0,1,0,95,151,92,156,8,69,23,1,5.056245805348308,1,9,2,0,4.9706407156979315,4.8760983370299495,760,1.3571428571428572
2023-03-01,0,1,1,0,1,1,0,0,99,126,65,168,28,59,6,1,5.1298987149230735,2,9,3,0,5.113892762823356,4.9706407156979315,2772,1.65
2023-03-02,0,0,0,0,0,0,1,0,155,90,56,0,35,21,20,0,0.0,3,9,3,0,4.387093286361588,5.113892762823356,5425,7.045454545454546
2023-03-03,0,0,1,1,0,0,0,0,195,110,99,0,49,56,14,0,0.0,4,9,3,0,3.6476433245653266,4.387093286361588,9555,3.4210526315789473
2023-03-04,1,0,0,0,1,0,0,0,121,75,19,231,49,76,18,1,5.44673737166631,5,9,3,1,3.683897684676198,3.6476433245653266,5929,1.5714285714285714
2023-03-05,0,0,0,1,1,0,0,0,123,120,87,0,15,74,15,0,0.0,6,9,3,1,2.9241662569841673,3.683897684676198,1845,1.64
2023-03-06,0,0,0,1,0,1,0,0,66,152,58,223,41,36,12,1,5.4116460518550396,0,10,3,0,3.0063611348275328,2.9241662569841673,2706,1.7837837837837838
2023-03-07,0,0,0,0,1,0,1,1,119,119,50,0,5,57,4,0,0.0,1,10,3,0,2.2840403054920606,3.0063611348275328,595,2.0517241379310347
2023-03-08,0,1,0,0,0,0,0,1,199,156,92,0,13,97,2,0,0.0,2,10,3,0,1.5511976319316214,2.2840403054920606,2587,2.0306122448979593
2023-03-09,1,0,0,0,0,0,0,0,55,156,39,126,21,71,2,1,4.844187086458591,3,10,3,0,2.243224358568563,1.5511976319316214,1155,0.7638888888888888
2023-03-10,0,0,0,0,1,0,0,0,75,152,14,144,5,53,18,1,4.976733742420574,4,10,3,0,2.954186321771502,2.243224358568563,375,1.3888888888888888
2023-03-11,1,1,0,0,1,0,0,1,189,68,80,249,7,28,13,1,5.521460917862246,5,10,3,1,2.9648611140852075,2.954186321771502,1323,6.517241379310345
2023-03-12,0,0,0,1,0,0,0,0,148,117,92,103,30,68,15,1,4.6443908991413725,6,10,3,1,3.6283455282482606,2.9648611140852075,4440,2.1449275362318843
2023-03-13,0,0,0,0,1,0,0,1,191,119,40,97,35,17,21,1,4.584967478670572,0,11,3,0,3.5102485892219084,3.6283455282482606,6685,10.61111111111111
2023-03-14,0,0,0,1,0,1,0,0,71,162,61,74,30,64,16,1,4.31748811353631,1,11,3,0,4.12703260544138,3.5102485892219084,2130,1.0923076923076922
2023-03-15,1,0,0,0,0,0,0,1,100,106,97,0,27,56,3,0,0.0,2,11,3,0,4.12703260544138,4.12703260544138,2700,1.7543859649122806
2023-03-16,0,0,0,0,0,0,1,0,153,110,32,170,34,11,12,1,5.14166355650266,3,11,3,0,4.169529244019105,4.12703260544138,5202,12.75
2023-03-17,0,0,0,0,1,1,0,1,138,141,57,72,14,48,7,1,4.290459441148391,4,11,3,0,4.071490058123079,4.169529244019105,1932,2.816326530612245
2023-03-18,0,1,0,0,0,0,0,0,190,79,49,232,12,54,18,1,5.4510384535657,5,11,3,1,4.061429706080715,4.071490058123079,2280,3.4545454545454546
2023-03-19,0,1,0,0,0,0,0,0,187,176,15,54,48,41,4,1,4.007333185232471,6,11,3,1,3.9704214612365862,4.061429706080715,8976,4.4523809523809526
2023-03-20,0,0,0,0,0,0,0,1,58,164,47,173,29,74,1,1,5.159055299214529,0,12,3,0,4.05243400702858,3.9704214612365862,1682,0.7733333333333333
2023-03-21,0,0,0,0,1,0,0,0,128,55,50,221,26,47,14,1,5.402677381872279,1,12,3,0,4.207461045362289,4.05243400702858,3328,2.6666666666666665
2023-03-22,1,1,0,0,0,0,0,0,101,67,36,73,19,86,1,1,4.30406509320417,2,12,3,0,4.8223274872486,4.207461045362289,1919,1.160919540229885
2023-03-23,0,0,0,0,1,1,0,0,179,59,84,180,45,20,10,1,5.198497031265826,3,12,3,0,4.83044655507191,4.8223274872486,8055,8.523809523809524
2023-03-24,0,0,0,0,0,0,1,0,62,141,78,64,14,19,12,1,4.174387269895637,4,12,3,0,4.813864816321517,4.83044655507191,868,3.1
2023-03-25,0,1,0,0,0,0,0,1,100,126,66,0,24,68,22,0,0.0,5,12,3,1,4.035145037240702,4.813864816321517,2400,1.4492753623188406
2023-03-26,0,0,1,1,0,0,0,0,83,150,26,237,45,99,9,1,5.472270673671475,6,12,3,1,4.244421821303417,4.035145037240702,3735,0.83
2023-03-27,0,0,0,0,1,0,0,0,84,133,80,123,27,64,2,1,4.820281565605037,0,13,3,0,4.196025573644918,4.244421821303417,2268,1.2923076923076924
2023-03-28,0,0,0,0,1,0,0,0,180,101,56,209,5,29,4,1,5.3471075307174685,1,13,3,0,4.188087023479945,4.196025573644918,900,6.0
2023-03-29,0,0,0,0,0,0,0,0,169,80,88,132,6,90,2,1,4.890349128221754,2,13,3,0,4.271841885625315,4.188087023479945,1014,1.8571428571428572
2023-03-30,1,0,0,0,0,0,1,0,119,159,22,126,23,26,5,1,4.844187086458591,3,13,3,0,4.2212261792242805,4.271841885625315,2737,4.407407407407407
2023-03-31,0,0,0,0,0,0,1,0,196,142,20,224,18,77,12,1,5.41610040220442,4,13,3,0,4.398613769554106,4.2212261792242805,3528,2.5128205128205128
2023-04-01,0,0,1,0,0,1,1,0,116,102,99,0,12,14,9,0,0.0,5,13,4,1,4.398613769554106,4.398613769554106,1392,7.733333333333333
2023-04-02,0,0,0,0,0,0,1,1,152,135,95,171,42,69,18,1,5.147494476813453,6,13,4,1,4.352217170002961,4.398613769554106,6384,2.1714285714285713
2023-04-03,0,0,0,0,0,0,0,0,122,51,33,104,16,32,7,1,4.653960350157523,0,14,4,0,4.328456996367601,4.352217170002961,1952,3.696969696969697
2023-04-04,0,0,1,0,0,0,0,0,165,135,82,105,30,55,17,1,4.663439094112067,1,14,4,0,4.230790076852544,4.328456996367601,4950,2.9464285714285716
2023-04-05,0,0,0,0,0,0,0,1,182,53,13,0,31,61,2,0,0.0,2,14,4,0,3.5321687728208646,4.230790076852544,5642,2.935483870967742
2023-04-06,0,1,0,0,0,0,0,0,116,55,55,0,33,19,23,0,0.0,3,14,4,0,2.8401420461839235,3.5321687728208646,3828,5.8
2023-04-07,0,0,0,1,1,0,0,1,188,167,27,249,19,55,23,1,5.521460917862246,4,14,4,0,2.8551935484207553,2.8401420461839235,3572,3.357142857142857
2023-04-08,0,0,0,0,0,0,0,0,170,138,52,200,5,37,16,1,5.303304908059076,5,14,4,1,3.6128085352863377,2.8551935484207553,850,4.473684210526316
2023-04-09,0,0,0,0,0,0,0,1,143,63,89,156,47,52,7,1,5.056245805348308,6,14,4,1,3.599773010791317,3.6128085352863377,6721,2.69811320754717
2023-04-10,0,0,1,0,1,0,0,0,178,105,42,155,32,35,9,1,5.049856007249537,0,15,4,0,3.6563295332330337,3.599773010791317,5696,4.944444444444445
2023-04-11,0,0,0,0,0,0,0,1,140,130,19,0,7,64,1,0,0.0,1,15,4,0,2.990123948359881,3.6563295332330337,980,2.1538461538461537
2023-04-12,0,0,0,0,0,1,0,0,141,95,82,63,22,57,11,1,4.1588830833596715,2,15,4,0,3.584250103125548,2.990123948359881,3102,2.4310344827586206
2023-04-13,0,0,0,0,0,0,0,0,112,65,68,216,38,38,22,1,5.37989735354046,3,15,4,0,4.352806867917042,3.584250103125548,4256,2.871794871794872
2023-04-14,0,0,0,0,0,0,0,0,78,169,40,73,36,36,5,1,4.30406509320417,4,15,4,0,4.178893178680175,4.352806867917042,2808,2.108108108108108
2023-04-15,1,0,0,0,0,0,0,0,61,133,37,196,33,27,1,1,5.2832037287379885,5,15,4,1,4.176021581634305,4.178893178680175,2013,2.1785714285714284
2023-04-16,0,0,0,0,0,0,0,0,126,57,69,62,29,69,20,1,4.143134726391533,6,15,4,1,4.045577141783338,4.176021581634305,3654,1.8
2023-04-17,0,1,0,0,1,0,0,0,90,137,12,0,30,83,22,0,0.0,0,16,4,0,3.324169140747689,4.045577141783338,2700,1.0714285714285714
2023-04-18,0,0,0,0,0,0,0,0,179,68,64,0,43,78,23,0,0.0,1,16,4,0,3.324169140747689,3.324169140747689,7697,2.2658227848101267
2023-04-19,0,0,0,0,0,0,0,0,86,146,23,136,12,83,2,1,4.919980925828125,2,16,4,0,3.4328974039574685,3.324169140747689,1032,1.0238095238095237
2023-04-20,0,0,0,0,0,0,0,0,73,115,67,60,23,30,16,1,4.110873864173311,3,16,4,0,3.2516083340478756,3.4328974039574685,1679,2.3548387096774195
2023-04-21,0,0,0,1,0,0,0,0,148,128,98,180,46,33,6,1,5.198497031265826,4,16,4,0,3.379384325199541,3.2516083340478756,6808,4.352941176470588
2023-04-22,0,0,0,0,0,0,0,0,199,135,24,174,26,12,20,1,5.1647859739235145,5,16,4,1,3.362467503083187,3.379384325199541,5174,15.307692307692308
2023-04-23,1,0,0,0,1,0,0,0,149,173,11,242,33,71,4,1,5.493061443340548,6,16,4,1,3.5553141769330465,3.362467503083187,4917,2.0694444444444446
2023-04-24,1,1,1,0,0,0,0,0,188,95,33,0,37,11,22,0,0.0,0,17,4,0,3.555314176933046,3.5553141769330465,6956,15.666666666666666
2023-04-25,0,0,0,1,0,0,0,0,107,162,87,220,42,75,0,1,5.3981627015177525,1,17,4,0,4.326480277149868,3.555314176933046,4494,1.4078947368421053
2023-04-26,1,0,0,0,0,0,0,0,78,140,73,64,49,51,7,1,4.174387269895637,2,17,4,0,4.2199668977309415,4.326480277149868,3822,1.5
2023-04-27,1,0,0,0,0,0,0,0,192,82,80,190,39,43,11,1,5.25227342804663,3,17,4,0,4.383023978284273,4.2199668977309415,7488,4.363636363636363
2023-04-28,0,1,0,0,1,0,0,1,109,126,33,195,47,51,13,1,5.278114659230517,4,17,4,0,4.394397925136372,4.383023978284273,5123,2.0961538461538463
2023-04-29,1,0,0,0,0,0,0,0,144,170,36,158,7,29,15,1,5.0689042022202315,5,17,4,1,4.3807005291787595,4.394397925136372,1008,4.8
2023-04-30,0,0,0,0,0,0,0,0,91,177,46,57,23,77,9,1,4.060443010546419,6,17,4,1,4.176040753065313,4.3807005291787595,2093,1.1666666666666667
2023-05-01,1,0,0,0,0,0,0,0,92,127,48,194,14,54,14,1,5.272999558563747,0,18,5,0,4.929326404288704,4.176040753065313,1288,1.6727272727272726
2023-05-02,1,0,0,1,1,1,0,0,123,116,72,174,31,84,20,1,5.1647859739235145,1,18,5,0,4.895986871775242,4.929326404288704,3813,1.4470588235294117
2023-05-03,0,0,0,0,0,0,0,0,113,164,88,231,19,51,23,1,5.44673737166631,2,18,5,0,5.077751172028195,4.895986871775242,2147,2.173076923076923
2023-05-04,0,0,0,0,0,0,0,0,51,112,35,211,15,56,14,1,5.356586274672012,3,18,5,0,5.0926530072603935,5.077751172028195,765,0.8947368421052632
2023-05-05,0,0,1,1,1,0,0,0,115,162,74,116,30,14,9,1,4.762173934797756,4,18,5,0,5.018947189484284,5.0926530072603935,3450,7.666666666666667
2023-05-06,0,0,0,0,1,1,0,0,80,143,13,247,28,98,20,1,5.5134287461649825,5,18,5,1,5.082450695762105,5.018947189484284,2240,0.8080808080808081
2023-05-07,1,0,0,0,0,0,0,0,164,97,38,0,17,58,6,0,0.0,6,18,5,1,4.502387408541189,5.082450695762105,2788,2.7796610169491527
2023-05-08,1,0,0,0,0,0,0,0,75,61,10,160,36,46,2,1,5.081404364984463,0,19,5,0,4.475016666601291,4.502387408541189,2700,1.5957446808510638
2023-05-09,0,0,0,0,0,0,0,0,78,89,59,124,41,43,1,1,4.8283137373023015,1,19,5,0,4.426949204226832,4.475016666601291,3198,1.7727272727272727
2023-05-10,0,0,0,0,0,0,1,0,127,134,95,179,8,82,5,1,5.19295685089021,2,19,5,0,4.390694844115961,4.426949204226832,1016,1.5301204819277108
2023-05-11,0,0,0,1,0,0,0,1,74,106,20,0,17,79,20,0,0.0,3,19,5,0,3.6254682334485304,4.390694844115961,1258,0.925
2023-05-12,0,0,1,0,0,0,0,0,97,136,83,198,13,27,8,1,5.293304824724492,4,19,5,0,3.7013440748666357,3.6254682334485304,1261,3.4642857142857144
2023-05-13,0,0,0,0,0,0,0,0,114,133,68,143,38,87,9,1,4.969813299576001,5,19,5,1,3.623684725353924,3.7013440748666357,4332,1.2954545454545454
2023-05-14,0,0,0,0,0,0,0,1,116,170,71,0,41,28,3,0,0.0,6,19,5,1,3.623684725353924,3.623684725353924,4756,4.0
2023-05-15,1,0,0,1,0,0,0,0,139,123,90,126,11,87,2,1,4.844187086458591,0,20,5,0,3.5897965427073713,3.623684725353924,1529,1.5795454545454546
2023-05-16,0,0,0,1,1,0,0,0,195,156,45,170,5,49,8,1,5.14166355650266,1,20,5,0,3.6345608025931364,3.5897965427073713,975,3.9
2023-05-17,0,0,0,1,0,0,0,0,186,173,65,158,16,26,23,1,5.0689042022202315,2,20,5,0,3.616838995640282,3.6345608025931364,2976,6.888888888888889
2023-05-18,0,0,0,0,0,0,1,1,87,149,99,64,25,69,21,1,4.174387269895637,3,20,5,0,4.213180034196801,3.616838995640282,2175,1.2428571428571429
2023-05-19,0,0,0,0,0,0,0,0,136,92,30,129,15,51,16,1,4.867534450455582,4,20,5,0,4.152355695015529,4.213180034196801,2040,2.6153846153846154
2023-05-20,1,1,1,0,1,1,0,0,198,168,22,204,48,90,13,1,5.3230099791384085,5,20,5,1,4.202812363524445,4.152355695015529,9504,2.1758241758241756
2023-05-21,1,0,0,0,0,0,1,0,114,72,18,81,48,81,9,1,4.406719247264253,6,20,5,1,4.832343684562195,4.202812363524445,5472,1.3902439024390243
2023-05-22,0,0,0,0,0,0,0,1,198,86,20,0,48,74,12,0,0.0,0,21,5,0,4.140316957925253,4.832343684562195,9504,2.64
2023-05-23,0,0,0,0,0,0,1,0,76,114,84,125,18,62,11,1,4.836281906951478,1,21,5,0,4.09669100798937,4.140316957925253,1368,1.2063492063492063
2023-05-24,0,0,0,0,0,0,0,0,155,71,79,184,38,16,0,1,5.220355825078324,2,21,5,0,4.1183269541119545,4.09669100798937,5890,9.117647058823529
2023-05-25,0,0,0,0,0,0,0,1,172,154,10,109,38,14,21,1,4.700480365792417,3,21,5,0,4.193483110668637,4.1183269541119545,6536,11.466666666666667
2023-05-26,0,0,0,0,0,0,0,0,93,137,79,92,29,33,18,1,4.532599493153256,4,21,5,0,4.145635259625448,4.193483110668637,2697,2.735294117647059
2023-05-27,0,0,0,0,0,0,0,0,149,174,86,152,8,37,18,1,5.030437921392435,5,21,5,1,4.103839251376024,4.145635259625448,1192,3.9210526315789473
2023-05-28,0,0,0,0,1,0,1,0,77,128,95,119,30,71,5,1,4.787491742782046,6,21,5,1,4.15823532216428,4.103839251376024,2310,1.0694444444444444
2023-05-29,0,0,0,0,0,0,0,0,66,139,65,0,20,26,12,0,0.0,0,22,5,0,4.15823532216428,4.15823532216428,1320,2.4444444444444446
2023-05-30,0,0,0,0,0,0,0,1,176,100,40,152,14,29,18,1,5.030437921392435,1,22,5,0,4.185971895655845,4.15823532216428,2464,5.866666666666666
2023-05-31,1,0,1,1,1,0,0,0,172,151,95,0,49,12,12,0,0.0,2,22,5,0,3.440206777787513,4.185971895655845,8428,13.23076923076923
2023-06-01,0,0,0,0,0,1,0,1,180,155,46,174,6,46,21,1,5.1647859739235145,3,22,6,0,3.50653615037767,3.440206777787513,1080,3.8297872340425534
2023-06-02,0,0,0,0,0,0,0,0,125,109,56,168,39,99,20,1,5.1298987149230735,4,22,6,0,3.591864610630501,3.50653615037767,4875,1.25
2023-06-03,0,0,0,0,0,1,0,0,95,95,87,126,23,24,3,1,4.844187086458591,5,22,6,1,3.565257348497094,3.591864610630501,2185,3.8
2023-06-04,1,0,0,1,0,0,0,1,118,85,56,190,10,60,23,1,5.25227342804663,6,22,6,1,3.6316547321063206,3.565257348497094,1180,1.9344262295081966
2023-06-05,0,0,0,0,1,1,0,0,186,60,78,212,23,57,1,1,5.3612921657094255,0,23,6,0,4.397553612921953,3.6316547321063206,4278,3.206896551724138
2023-06-06,0,0,1,0,1,0,0,0,134,61,67,0,12,17,14,0,0.0,1,23,6,0,3.6789196241516047,4.397553612921953,1608,7.444444444444445
2023-06-07,0,0,0,0,0,0,0,0,60,88,45,0,18,22,11,0,0.0,2,23,6,0,3.6789196241516047,3.6789196241516047,1080,2.608695652173913
2023-06-08,0,0,0,0,0,0,0,1,118,85,41,238,14,57,6,1,5.476463551931511,3,23,6,0,3.7234449924384614,3.6789196241516047,1652,2.0344827586206895
2023-06-09,0,0,0,0,1,0,0,0,148,101,73,203,7,12,19,1,5.318119993844216,4,23,6,0,3.7503337465700533,3.7234449924384614,1036,11.384615384615385
2023-06-10,0,0,0,0,1,0,0,0,140,80,80,77,42,74,17,1,4.356708826689592,5,23,6,1,3.680693995174482,3.7503337465700533,5880,1.8666666666666667
2023-06-11,0,0,0,1,1,0,0,0,143,82,51,0,33,82,22,0,0.0,6,23,6,1,2.930369219739249,3.680693995174482,4719,1.7228915662650603
2023-06-12,0,0,0,0,0,0,0,0,164,107,57,248,19,40,12,1,5.517452896464707,0,24,6,0,2.952677895561432,2.930369219739249,3116,4.0
2023-06-13,0,0,1,1,0,0,0,0,80,177,83,0,27,35,16,0,0.0,1,24,6,0,2.952677895561432,2.952677895561432,2160,2.2222222222222223
2023-06-14,0,0,0,0,1,0,0,0,60,80,90,95,27,90,3,1,4.564348191467836,2,24,6,0,3.6047276371996944,2.952677895561432,1620,0.6593406593406593
2023-06-15,1,0,0,0,0,0,0,0,136,104,39,157,22,65,13,1,5.062595033026967,3,24,6,0,3.545603563070474,3.6047276371996944,2992,2.0606060606060606
2023-06-16,0,0,0,1,0,0,0,0,170,59,30,0,23,43,19,0,0.0,4,24,6,0,2.7858721353784435,3.545603563070474,3910,3.8636363636363638
2023-06-17,0,0,0,0,0,0,0,0,179,179,69,219,32,18,12,1,5.393627546352362,5,24,6,1,2.9340033810445534,2.7858721353784435,5728,9.421052631578947
2023-06-18,0,0,0,0,0,0,0,1,154,64,22,222,30,71,2,1,5.407171771460119,6,24,6,1,3.706456491253142,2.9340033810445534,4620,2.138888888888889
2023-06-19,0,0,0,0,0,0,0,0,76,52,10,206,14,22,17,1,5.332718793265369,0,25,6,0,3.6800659050818076,3.706456491253142,1064,3.3043478260869565
2023-06-20,0,0,0,0,0,0,1,1,51,92,74,58,8,78,13,1,4.07753744390572,1,25,6,0,4.262571254211196,3.6800659050818076,408,0.6455696202531646
2023-06-21,0,0,0,0,1,0,0,0,152,116,42,73,6,50,14,1,4.30406509320417,2,25,6,0,4.225387954459244,4.262571254211196,912,2.980392156862745
2023-06-22,0,0,0,0,0,0,0,0,150,105,47,0,7,86,2,0,0.0,3,25,6,0,3.5021600925982486,4.225387954459244,1050,1.7241379310344827
2023-06-23,0,0,0,0,1,0,1,1,70,112,34,243,11,10,0,1,5.497168225293202,4,25,6,0,4.287469839068707,3.5021600925982486,770,6.363636363636363
2023-06-24,0,0,1,0,0,0,0,0,107,64,35,156,20,98,23,1,5.056245805348308,5,25,6,1,4.239272447496698,4.287469839068707,2140,1.0808080808080809
2023-06-25,0,0,0,0,0,0,0,0,182,158,86,81,35,56,16,1,4.406719247264253,6,25,6,1,4.09635065832586,4.239272447496698,6370,3.192982456140351
2023-06-26,0,0,0,0,1,0,0,1,134,165,68,56,14,13,2,1,4.04305126783455,0,26,6,0,3.9121124404071717,4.09635065832586,1876,9.571428571428571
2023-06-27,0,0,0,0,0,0,0,0,142,141,42,160,23,72,13,1,5.081404364984463,1,26,6,0,4.055522000561278,3.9121124404071717,3266,1.9452054794520548
2023-06-28,1,0,1,0,0,0,1,0,69,96,50,176,32,61,2,1,5.176149732573829,2,26,6,0,4.180105520471229,4.055522000561278,2208,1.1129032258064515
2023-06-29,0,0,1,0,0,0,1,0,110,106,39,188,21,19,12,1,5.241747015059643,3,26,6,0,4.928926522622606,4.180105520471229,2310,5.5
2023-06-30,0,0,0,0,0,0,0,0,87,99,66,227,32,37,14,1,5.429345628954441,4,26,6,0,4.919237580288498,4.928926522622606,2784,2.289473684210526
2023-07-01,0,0,0,1,1,0,0,0,197,120,58,237,23,15,17,1,5.472270673671475,5,26,7,1,4.978669704334664,4.919237580288498,4531,12.3125
2023-07-02,1,0,0,0,1,0,1,0,74,131,57,52,41,36,13,1,3.970291913552122,6,26,7,1,4.916322942375788,4.978669704334664,3034,2.0
2023-07-03,1,0,0,0,0,0,0,0,179,165,81,204,27,21,20,1,5.3230099791384085,0,27,7,0,5.099174186847769,4.916322942375788,4833,8.136363636363637
2023-07-04,0,0,0,0,0,0,0,0,170,154,58,126,24,71,2,1,4.844187086458591,1,27,7,0,5.065286004201215,5.099174186847769,4080,2.361111111111111
2023-07-05,0,0,0,0,0,0,1,0,75,137,56,0,17,61,18,0,0.0,2,27,7,0,4.325836042404954,5.065286004201215,1275,1.2096774193548387
2023-07-06,1,0,0,0,1,1,0,0,116,51,65,85,17,57,7,1,4.454347296253507,3,27,7,0,4.213350368289793,4.325836042404954,1972,2.0
2023-07-07,0,1,0,1,0,0,0,0,50,153,74,229,47,76,3,1,5.438079308923196,4,27,7,0,4.214598036856757,4.213350368289793,2350,0.6493506493506493
2023-07-08,0,0,0,0,0,1,0,0,100,133,21,115,15,55,3,1,4.7535901911063645,5,27,7,1,4.1119293964903125,4.214598036856757,1500,1.7857142857142858
2023-07-09,0,0,0,1,0,0,1,0,54,92,78,81,19,83,18,1,4.406719247264253,6,27,7,1,4.174276158449189,4.1119293964903125,1026,0.6428571428571429
2023-07-10,0,0,0,1,0,0,0,0,62,120,97,204,21,24,10,1,5.3230099791384085,0,28,7,0,4.174276158449189,4.174276158449189,1302,2.48
2023-07-11,1,0,0,1,0,0,0,0,196,143,15,243,32,80,0,1,5.497168225293202,1,28,7,0,4.2675591782827045,4.174276158449189,6272,2.419753086419753
2023-07-12,1,0,0,1,1,0,0,0,189,91,98,78,23,45,7,1,4.3694478524670215,2,28,7,0,4.891766014349422,4.2675591782827045,4347,4.108695652173913
2023-07-13,0,0,0,0,0,0,0,1,97,114,74,89,8,23,14,1,4.499809670330265,3,28,7,0,4.89826063921753,4.891766014349422,776,4.041666666666667
2023-07-14,0,0,0,0,0,0,0,0,106,83,34,243,26,87,0,1,5.497168225293202,4,28,7,0,4.906701912984674,4.89826063921753,2756,1.2045454545454546
2023-07-15,0,0,1,0,1,0,0,0,164,169,10,0,26,12,6,0,0.0,5,28,7,1,4.227617599969479,4.906701912984674,4264,12.615384615384615
2023-07-16,0,0,0,0,1,1,0,0,84,50,41,0,41,76,20,0,0.0,6,28,7,1,3.5980862789317283,4.227617599969479,3444,1.0909090909090908
2023-07-17,1,0,0,0,0,0,0,0,125,179,12,105,43,95,19,1,4.663439094112067,0,29,7,0,3.5038618667851082,3.5980862789317283,5375,1.3020833333333333
2023-07-18,1,0,0,0,0,0,1,1,143,110,58,119,38,28,19,1,4.787491742782046,1,29,7,0,3.4024795121406575,3.5038618667851082,5434,4.931034482758621
2023-07-19,0,0,0,0,0,0,0,1,54,137,28,170,37,85,23,1,5.14166355650266,2,29,7,0,3.5127960412886057,3.4024795121406575,1998,0.627906976744186
2023-07-20,0,0,0,0,0,0,1,0,71,117,69,171,48,63,10,1,5.147494476813453,3,29,7,0,3.605322442214775,3.5127960412886057,3408,1.109375
2023-07-21,0,0,0,0,0,0,0,0,152,176,38,247,46,78,13,1,5.5134287461649825,4,29,7,0,3.607645373767887,3.605322442214775,6992,1.9240506329113924
2023-07-22,0,1,1,0,0,0,0,1,180,71,59,176,44,19,21,1,5.176149732573829,5,29,7,1,4.347095335564148,3.607645373767887,7920,9.0
2023-07-23,1,0,0,0,0,1,0,1,173,131,11,124,37,42,15,1,4.8283137373023015,6,29,7,1,5.036854440893049,4.347095335564148,6401,4.023255813953488
2023-07-24,0,0,1,1,1,0,0,0,102,178,82,0,16,22,13,0,0.0,0,30,7,0,4.370648856019896,5.036854440893049,1632,4.434782608695652
2023-07-25,0,0,1,0,0,0,1,0,118,79,65,0,6,60,11,0,0.0,1,30,7,0,3.6867214641938895,4.370648856019896,708,1.9344262295081966
2023-07-26,0,0,0,0,0,0,0,0,153,175,26,66,32,41,16,1,4.204692619390966,2,30,7,0,3.552868473177933,3.6867214641938895,4896,3.642857142857143
2023-07-27,0,1,1,0,0,0,0,1,65,146,69,121,14,84,13,1,4.804021044733257,3,30,7,0,3.503800840023619,3.552868473177933,910,0.7647058823529411
2023-07-28,0,0,0,0,1,0,0,0,165,73,45,129,26,33,9,1,4.867534450455582,4,30,7,0,3.411530226350848,3.503800840023619,4290,4.852941176470588
2023-07-29,0,0,0,0,1,0,0,0,125,63,70,54,21,44,23,1,4.007333185232471,5,30,7,1,3.244556433873511,3.411530226350848,2625,2.7777777777777777
2023-07-30,0,0,0,0,1,0,0,0,158,85,26,242,30,92,13,1,5.493061443340548,6,30,7,1,3.339520391878975,3.244556433873511,4740,1.6989247311827957
2023-07-31,0,0,1,0,1,0,0,0,88,73,58,156,7,79,17,1,5.056245805348308,0,31,7,0,4.061841221214448,3.339520391878975,616,1.1
2023-08-01,0,0,1,0,1,0,0,0,138,144,85,110,11,49,21,1,4.709530201312334,1,31,8,0,4.7346312499733525,4.061841221214448,1518,2.76
2023-08-02,0,0,0,0,0,0,0,1,161,104,69,56,48,63,8,1,4.04305126783455,2,31,8,0,4.711539628322435,4.7346312499733525,7728,2.515625
2023-08-03,0,0,0,0,0,0,0,0,96,73,29,188,12,53,16,1,5.241747015059643,3,31,8,0,4.774071909797634,4.711539628322435,1152,1.7777777777777777
2023-08-04,0,0,0,0,0,0,0,0,186,75,59,93,24,71,5,1,4.543294782270004,4,31,8,0,4.727751957199694,4.774071909797634,4464,2.5833333333333335
2023-08-05,0,0,0,0,1,0,0,0,177,129,12,245,16,77,7,1,5.5053315359323625,5,31,8,1,4.941751721585392,4.727751957199694,2832,2.269230769230769
2023-08-06,0,1,0,0,1,0,0,0,126,114,52,0,39,42,12,0,0.0,6,31,8,1,4.157028658251028,4.941751721585392,4914,2.9302325581395348
2023-08-07,0,0,0,1,0,0,0,0,64,124,66,57,21,86,17,1,4.060443010546419,0,32,8,0,4.014771116136473,4.157028658251028,1344,0.735632183908046
2023-08-08,1,0,0,0,0,0,0,0,85,92,59,145,32,65,4,1,4.983606621708336,1,32,8,0,4.0539248904787595,4.014771116136473,2720,1.2878787878787878
2023-08-09,0,0,0,0,0,0,0,0,112,78,77,0,45,45,5,0,0.0,2,32,8,0,3.4763461379309666,4.0539248904787595,5040,2.4347826086956523
2023-08-10,0,0,1,0,1,0,0,0,118,130,90,96,14,63,20,1,4.574710978503383,3,32,8,0,3.381055275565786,3.4763461379309666,1652,1.84375
2023-08-11,0,0,0,0,0,0,1,0,123,103,59,100,26,28,18,1,4.61512051684126,4,32,8,0,3.3913160947902514,3.381055275565786,3198,4.241379310344827
2023-08-12,0,1,0,0,0,0,0,0,73,88,46,218,42,52,3,1,5.389071729816501,5,32,8,1,3.3747075510594144,3.3913160947902514,3066,1.3773584905660377
2023-08-13,0,0,0,0,0,0,0,1,98,91,55,109,37,21,6,1,4.700480365792417,6,32,8,1,4.0462047461726165,3.3747075510594144,3626,4.454545454545454
2023-08-14,0,0,1,1,0,0,1,1,195,78,51,77,26,20,3,1,4.356708826689592,0,33,8,0,4.08852843419307,4.0462047461726165,5070,9.285714285714286
2023-08-15,1,0,1,0,1,0,0,0,56,91,24,195,48,79,10,1,5.278114659230517,1,33,8,0,4.130601010981953,4.08852843419307,2688,0.7
2023-08-16,0,0,0,0,0,0,0,0,53,143,42,222,41,21,11,1,5.407171771460119,2,33,8,0,4.903054121190541,4.130601010981953,2173,2.409090909090909
2023-08-17,1,0,0,0,1,0,1,1,139,81,89,199,17,50,13,1,5.298317366548036,3,33,8,0,5.006426462339777,4.903054121190541,2363,2.7254901960784315
2023-08-18,0,0,0,0,0,0,0,0,109,75,20,132,31,34,12,1,4.890349128221754,4,33,8,0,5.045744835394133,5.006426462339777,3379,3.1142857142857143
2023-08-19,0,0,0,0,0,0,0,1,104,164,29,0,19,12,9,0,0.0,5,33,8,1,4.275877445420347,5.045744835394133,1976,8.0
2023-08-20,0,0,0,0,0,0,0,1,65,178,33,129,26,12,17,1,4.867534450455582,6,33,8,1,4.2997423146579425,4.275877445420347,1690,5.0
2023-08-21,0,0,0,1,1,1,0,0,78,105,73,155,34,93,15,1,5.049856007249537,0,34,8,0,4.398763340452221,4.2997423146579425,2652,0.8297872340425532
2023-08-22,0,0,0,0,0,0,0,0,63,171,89,160,47,37,4,1,5.081404364984463,1,34,8,0,4.370661869845642,4.398763340452221,2961,1.6578947368421053
2023-08-23,0,0,0,0,0,0,0,1,128,155,74,0,44,32,7,0,0.0,2,34,8,0,3.5982087596370533,4.370661869845642,5632,3.878787878787879
2023-08-24,0,0,0,1,0,1,0,0,82,179,97,66,41,57,13,1,4.204692619390966,3,34,8,0,3.441976652900329,3.5982087596370533,3362,1.4137931034482758
2023-08-25,0,0,0,0,1,1,0,0,70,130,97,84,38,76,4,1,4.442651256490317,4,34,8,0,3.378019814081552,3.441976652900329,2660,0.9090909090909091
2023-08-26,0,0,0,1,0,0,1,0,194,169,82,232,48,51,23,1,5.4510384535657,5,34,8,1,4.156739593162366,3.378019814081552,9312,3.730769230769231
2023-08-27,0,0,1,0,1,0,0,0,72,101,95,0,38,97,7,0,0.0,6,34,8,1,3.461377528811569,4.156739593162366,2736,0.7346938775510204
2023-08-28,0,0,0,1,0,0,1,0,106,140,85,216,39,49,5,1,5.37989735354046,0,35,8,0,3.508526292567415,3.461377528811569,4134,2.12
2023-08-29,1,0,1,0,0,0,1,0,191,71,26,160,46,15,15,1,5.081404364984463,1,35,8,0,3.508526292567415,3.508526292567415,8786,11.9375
2023-08-30,1,1,0,1,0,0,0,1,142,83,98,227,23,29,3,1,5.429345628954441,2,35,8,0,4.284147096703764,3.508526292567415,3266,4.733333333333333
2023-08-31,1,0,0,1,0,0,0,0,69,159,70,0,12,20,11,0,0.0,3,35,8,0,3.6834767225050546,4.284147096703764,828,3.2857142857142856
2023-09-01,0,0,0,0,0,0,0,0,68,98,24,137,43,36,10,1,4.927253685157205,4,35,9,0,3.7527056408860386,3.6834767225050546,2924,1.837837837837838
2023-09-02,0,0,0,1,0,0,1,0,152,178,60,125,37,30,2,1,4.836281906951478,5,35,9,1,3.6648832770840065,3.7527056408860386,5624,4.903225806451613
2023-09-03,1,0,0,0,0,0,0,0,126,122,36,119,48,22,11,1,4.787491742782046,6,35,9,1,4.348810668910013,3.6648832770840065,6048,5.478260869565218
2023-09-04,0,0,0,0,1,0,0,0,82,133,95,110,32,95,4,1,4.709530201312334,0,36,9,0,4.253043932877424,4.348810668910013,2624,0.8541666666666666
2023-09-05,1,0,0,0,0,0,0,1,67,102,83,227,41,44,5,1,5.429345628954441,1,36,9,0,4.3027498277302785,4.253043932877424,2747,1.488888888888889
2023-09-06,1,0,0,0,1,0,0,1,122,149,70,191,29,56,18,1,5.2574953720277815,2,36,9,0,4.278199791026469,4.3027498277302785,3538,2.1403508771929824
2023-09-07,1,0,0,0,0,0,0,0,66,173,67,161,40,95,17,1,5.087596335232384,3,36,9,0,5.004999267488238,4.278199791026469,2640,0.6875
2023-09-08,0,0,0,0,0,0,0,0,68,94,40,98,21,37,15,1,4.59511985013459,4,36,9,0,4.9575515767707214,5.004999267488238,1428,1.7894736842105263
2023-09-09,0,0,0,0,0,0,0,0,119,154,21,101,28,30,22,1,4.624972813284271,5,36,9,1,4.927364563389692,4.9575515767707214,3332,3.838709677419355
2023-09-10,1,0,0,1,0,1,0,0,169,155,55,145,25,27,10,1,4.983606621708336,6,36,9,1,4.955380974664877,4.927364563389692,4225,6.035714285714286
2023-09-11,0,0,0,1,0,0,1,0,150,92,40,196,6,40,4,1,5.2832037287379885,0,37,9,0,5.037334335725684,4.955380974664877,900,3.658536585365854
2023-09-12,0,0,0,0,0,0,0,0,83,97,41,163,35,69,8,1,5.099866427824199,1,37,9,0,4.990265878421364,5.037334335725684,2905,1.1857142857142857
2023-09-13,0,0,1,0,0,0,1,1,133,175,41,96,48,46,2,1,4.574710978503383,2,37,9,0,4.892725250775022,4.990265878421364,6384,2.8297872340425534
2023-09-14,1,0,0,0,0,0,0,0,123,56,62,119,37,30,7,1,4.787491742782046,3,37,9,0,4.849853166139259,4.892725250775022,4551,3.967741935483871
2023-09-15,0,0,0,0,1,0,0,0,137,65,70,0,34,23,5,0,0.0,4,37,9,0,4.193407473262889,4.849853166139259,4658,5.708333333333333
2023-09-16,0,0,1,0,1,0,0,0,134,178,55,97,16,98,3,1,4.584967478670572,5,37,9,1,4.1876924254609325,4.193407473262889,2144,1.3535353535353536
2023-09-17,0,0,0,0,0,0,0,0,60,164,94,0,48,69,11,0,0.0,6,37,9,1,3.4757486223597414,4.1876924254609325,2880,0.8571428571428571
2023-09-18,0,0,0,0,0,0,1,0,140,86,83,170,16,32,11,1,5.14166355650266,0,38,9,0,3.4555285977546943,3.4757486223597414,2240,4.242424242424242
2023-09-19,1,0,0,1,0,0,0,0,193,174,89,116,28,38,20,1,4.762173934797756,1,38,9,0,3.407286813036631,3.4555285977546943,5404,4.948717948717949
2023-09-20,0,0,0,0,0,0,1,0,176,130,16,240,28,56,15,1,5.484796933490655,2,38,9,0,3.537299092320527,3.407286813036631,4928,3.087719298245614
2023-09-21,0,0,0,0,0,1,0,0,162,111,13,0,15,39,9,0,0.0,3,38,9,0,2.8533717004945207,3.537299092320527,2430,4.05
2023-09-22,1,0,0,0,0,1,0,0,129,121,61,247,17,99,21,1,5.5134287461649825,4,38,9,0,3.6410043785180894,2.8533717004945207,2193,1.29
2023-09-23,0,0,0,0,0,0,0,0,56,174,98,0,31,93,13,0,0.0,5,38,9,1,2.9860090244222937,3.6410043785180894,1736,0.5957446808510638
2023-09-24,0,1,0,0,0,0,0,0,65,115,40,87,12,47,12,1,4.477336814478207,6,38,9,1,3.6256285693477515,2.9860090244222937,780,1.3541666666666667
2023-09-25,0,0,1,0,0,0,0,0,65,79,84,156,14,92,8,1,5.056245805348308,0,39,9,0,3.6134260334685586,3.6256285693477515,910,0.6989247311827957
2023-09-26,0,1,0,0,1,0,1,1,61,69,93,249,12,36,6,1,5.521460917862246,1,39,9,0,3.7218956024777716,3.6134260334685586,732,1.6486486486486487
2023-09-27,0,0,0,0,1,0,0,0,84,131,45,0,24,98,11,0,0.0,2,39,9,0,2.9383531834076777,3.7218956024777716,2016,0.8484848484848485
2023-09-28,1,0,0,1,0,1,0,0,70,156,63,0,12,96,4,0,0.0,3,39,9,0,2.9383531834076777,2.9383531834076777,840,0.7216494845360825
2023-09-29,1,0,0,1,1,0,0,0,66,86,63,231,13,24,17,1,5.44673737166631,4,39,9,0,2.9288258441935815,2.9383531834076777,858,2.64
2023-09-30,1,0,0,0,1,0,0,0,81,126,26,148,11,68,3,1,5.003946305945459,5,39,9,1,3.6436753164715046,2.9288258441935815,891,1.173913043478261
2023-10-01,1,0,0,0,0,0,0,0,90,138,84,0,18,12,1,0,0.0,6,39,10,1,3.0040557715460463,3.6436753164715046,1620,6.923076923076923
2023-10-02,0,0,0,0,0,1,0,0,183,137,39,103,32,19,2,1,4.6443908991413725,0,40,10,0,2.945219356373627,3.0040557715460463,5856,9.15
2023-10-03,0,0,1,0,0,0,0,0,76,82,31,222,6,88,11,1,5.407171771460119,1,40,10,0,2.9288923354590373,2.945219356373627,456,0.8539325842696629
2023-10-04,0,0,0,0,1,0,0,0,197,107,52,203,47,89,2,1,5.318119993844216,2,40,10,0,3.688623763151068,2.9288923354590373,9259,2.188888888888889
2023-10-05,0,0,0,0,1,0,0,1,115,77,36,244,12,26,3,1,5.501258210544727,3,40,10,0,4.474517793228886,3.688623763151068,1380,4.2592592592592595
2023-10-06,0,0,0,0,0,0,0,0,186,84,46,62,17,92,5,1,4.143134726391533,4,40,10,0,4.288288843903918,4.474517793228886,3162,2.0
2023-10-07,0,0,0,0,0,0,0,1,141,174,55,81,25,20,11,1,4.406719247264253,5,40,10,1,4.2029706926637465,4.288288843903918,3525,6.714285714285714
2023-10-08,1,0,0,0,0,1,0,0,110,114,44,163,32,57,18,1,5.099866427824199,6,40,10,1,4.931523039495774,4.2029706926637465,3520,1.896551724137931
2023-10-09,0,1,0,1,0,0,0,0,52,91,13,179,39,14,9,1,5.19295685089021,0,41,10,0,5.009889604031322,4.931523039495774,2028,3.466666666666667
2023-10-10,0,1,0,1,0,0,0,1,152,134,89,211,27,78,0,1,5.356586274672012,1,41,10,0,5.002663104490163,5.009889604031322,4104,1.9240506329113924
2023-10-11,0,0,0,0,1,0,0,0,104,160,89,186,19,73,16,1,5.231108616854587,2,41,10,0,4.990232907777361,5.002663104490163,1976,1.4054054054054055
2023-10-12,0,0,0,0,0,0,0,0,50,64,94,186,6,23,15,1,5.231108616854587,3,41,10,0,4.9516401086787685,4.990232907777361,300,2.0833333333333335
2023-10-13,0,1,0,1,1,0,0,0,150,118,35,52,16,59,8,1,3.970291913552122,4,41,10,0,4.926948278273138,4.9516401086787685,2400,2.5
2023-10-14,0,0,0,0,1,0,0,0,94,154,28,193,40,35,20,1,5.267858159063328,5,41,10,1,5.049968122815863,4.926948278273138,3760,2.611111111111111
2023-10-15,0,0,0,1,1,0,0,0,75,113,90,212,7,81,8,1,5.3612921657094255,6,41,10,1,5.087314656799468,5.049968122815863,525,0.9146341463414634
2023-10-16,0,1,0,0,0,0,0,0,170,90,54,125,9,78,22,1,4.836281906951478,0,42,10,0,5.036361093379648,5.087314656799468,1530,2.151898734177215
2023-10-17,0,0,0,1,0,0,0,1,191,120,35,111,7,16,8,1,4.718498871295094,1,42,10,0,4.945205750040088,5.036361093379648,1337,11.235294117647058
2023-10-18,0,0,0,0,0,0,0,0,95,105,31,89,23,25,11,1,4.499809670330265,2,42,10,0,4.8407344719651855,4.945205750040088,2185,3.6538461538461537
2023-10-19,0,0,0,1,0,0,1,1,171,74,67,225,6,64,22,1,5.420534999272286,3,42,10,0,4.867795383739143,4.8407344719651855,1026,2.6307692307692307
2023-10-20,1,1,0,1,0,0,0,1,80,154,72,122,48,87,8,1,4.812184355372417,4,42,10,0,4.988065732570613,4.867795383739143,3840,0.9090909090909091
2023-10-21,0,1,0,0,0,0,0,0,108,168,37,181,41,65,14,1,5.204006687076795,5,42,10,1,4.978944093715394,4.988065732570613,4428,1.6363636363636365
2023-10-22,0,1,1,0,0,0,0,0,78,58,74,121,21,13,1,1,4.804021044733257,6,42,10,1,4.899333933575941,4.978944093715394,1638,5.571428571428571
2023-10-23,0,0,0,1,0,0,1,1,155,109,53,57,18,57,10,1,4.060443010546419,0,43,10,0,4.788499805518076,4.899333933575941,2790,2.6724137931034484
2023-10-24,0,0,1,0,0,0,0,1,66,174,52,192,32,26,10,1,5.262690188904886,1,43,10,0,4.866241422319475,4.788499805518076,2112,2.4444444444444446
2023-10-25,0,0,0,1,0,0,1,0,191,98,46,0,31,45,7,0,0.0,2,43,10,0,4.223411469415152,4.866241422319475,5921,4.1521739130434785
2023-10-26,0,0,0,0,1,0,0,0,73,100,75,73,14,79,22,1,4.30406509320417,3,43,10,0,4.063915768548278,4.223411469415152,1022,0.9125
2023-10-27,0,0,0,0,1,0,0,0,158,119,26,160,7,89,5,1,5.081404364984463,4,43,10,0,4.102375769921427,4.063915768548278,1106,1.7555555555555555
2023-10-28,0,0,0,0,0,0,0,0,140,86,49,122,40,47,20,1,4.812184355372417,5,43,10,1,4.046401151106516,4.102375769921427,5600,2.9166666666666665
2023-10-29,0,0,0,0,0,0,0,0,74,80,47,59,42,71,19,1,4.0943445622221,6,43,10,1,3.945018796462065,4.046401151106516,3108,1.0277777777777777
2023-10-30,0,0,0,1,0,1,1,0,81,111,94,149,29,57,6,1,5.0106352940962555,0,44,10,0,4.080760551254898,3.945018796462065,2349,1.396551724137931
2023-10-31,0,0,0,0,0,0,0,0,165,142,70,191,26,19,2,1,5.2574953720277815,1,44,10,0,4.08001843455817,4.080760551254898,4290,8.25
2023-11-01,0,0,0,0,0,0,0,0,131,63,18,240,43,45,7,1,5.484796933490655,2,44,11,0,4.863560853628264,4.08001843455817,5633,2.847826086956522
2023-11-02,1,0,0,0,1,0,0,0,159,128,86,54,34,38,17,1,4.007333185232471,3,44,11,0,4.821170581060877,4.863560853628264,5406,4.076923076923077
2023-11-03,0,0,0,0,0,1,0,0,195,57,84,93,25,87,16,1,4.543294782270004,4,44,11,0,4.744297783530241,4.821170581060877,4875,2.215909090909091
2023-11-04,0,0,0,1,0,0,0,0,86,85,70,127,34,13,10,1,4.852030263919617,5,44,11,1,4.749990056179841,4.744297783530241,2924,6.142857142857143
2023-11-05,0,0,0,1,0,0,0,0,75,97,89,193,32,53,1,1,5.267858159063328,6,44,11,1,4.917634855728587,4.749990056179841,2400,1.3888888888888888
2023-11-06,0,0,0,0,0,0,1,0,186,134,25,59,35,65,20,1,4.0943445622221,0,45,11,0,4.786736179746565,4.917634855728587,6510,2.8181818181818183
2023-11-07,0,0,0,1,0,0,0,0,113,77,11,249,30,51,23,1,5.521460917862246,1,45,11,0,4.824445543437203,4.786736179746565,3390,2.173076923076923
2023-11-08,0,0,0,1,0,0,0,0,121,100,81,161,47,22,18,1,5.087596335232384,2,45,11,0,4.767702600828878,4.824445543437203,5687,5.260869565217392
2023-11-09,0,0,1,0,0,0,0,1,197,153,52,172,26,55,6,1,5.153291594497779,3,45,11,0,4.931410945009637,4.767702600828878,5122,3.517857142857143
2023-11-10,1,0,1,1,0,0,0,0,155,150,51,131,25,91,17,1,4.882801922586371,4,45,11,0,4.979911965054832,4.931410945009637,3875,1.684782608695652
2023-11-11,1,0,0,0,0,0,0,0,135,78,86,76,5,42,7,1,4.343805421853684,5,45,11,1,4.90730841618827,4.979911965054832,675,3.13953488372093
2023-11-12,0,0,0,0,0,0,1,0,102,176,66,78,41,30,13,1,4.3694478524670215,6,45,11,1,4.778964086674512,4.90730841618827,4182,3.2903225806451615
2023-11-13,0,0,0,1,0,0,0,1,141,131,90,212,17,89,6,1,5.3612921657094255,0,46,11,0,4.9599566014584155,4.778964086674512,2397,1.5666666666666667
2023-11-14,0,0,0,0,1,0,0,0,148,59,97,56,25,88,20,1,4.04305126783455,1,46,11,0,4.748755222883031,4.9599566014584155,3700,1.6629213483146068
2023-11-15,0,0,0,1,0,0,0,0,60,155,76,150,13,66,3,1,5.017279836814924,2,46,11,0,4.738710008823394,4.748755222883031,780,0.8955223880597015
2023-11-16,0,0,0,1,0,0,1,0,80,50,39,120,21,78,16,1,4.795790545596741,3,46,11,0,4.68763843040896,4.738710008823394,1680,1.0126582278481013
2023-11-17,0,0,0,0,0,1,0,0,149,88,22,0,25,79,4,0,0.0,4,46,11,0,3.9900952986109064,4.68763843040896,3725,1.8625
2023-11-18,0,0,1,1,0,0,0,0,136,70,28,249,35,76,11,1,5.521460917862246,5,46,11,1,4.158331798040701,3.9900952986109064,4760,1.7662337662337662
2023-11-19,0,1,0,0,0,0,0,0,196,114,16,0,43,57,8,0,0.0,6,46,11,1,3.534124961973984,4.158331798040701,8428,3.3793103448275863
2023-11-20,0,0,0,0,0,0,0,0,189,64,18,179,26,85,19,1,5.19295685089021,0,47,11,0,3.510077059856953,3.534124961973984,4914,2.197674418604651
2023-11-21,1,1,0,0,1,0,0,0,64,110,92,78,16,42,12,1,4.3694478524670215,1,47,11,0,3.556705143375878,3.510077059856953,1024,1.4883720930232558
2023-11-22,0,0,1,1,0,1,0,0,150,136,63,137,10,45,17,1,4.927253685157205,2,47,11,0,3.543844264567632,3.556705143375878,1500,3.260869565217391
2023-11-23,0,0,0,0,0,0,0,0,78,154,95,244,20,42,19,1,5.501258210544727,3,47,11,0,3.6446253595602016,3.543844264567632,1560,1.813953488372093
2023-11-24,0,0,0,0,0,0,0,1,163,83,91,0,30,40,8,0,0.0,4,47,11,0,3.6446253595602016,3.6446253595602016,4890,3.975609756097561
2023-11-25,0,0,0,0,1,0,0,0,156,173,70,113,9,30,3,1,4.736198448394496,5,47,11,1,3.5324450067790942,3.6446253595602016,1404,5.032258064516129
2023-11-26,0,0,0,0,0,0,0,1,157,159,96,135,13,36,20,1,4.912654885736052,6,47,11,1,4.234252847598531,3.5324450067790942,2041,4.243243243243243
2023-11-27,0,0,0,0,0,0,0,0,179,82,11,179,44,81,7,1,5.19295685089021,0,48,11,0,4.234252847598531,4.234252847598531,7876,2.182926829268293
2023-11-28,0,1,0,0,0,0,0,0,133,147,59,57,18,71,0,1,4.060443010546419,1,48,11,0,4.19010929875273,4.234252847598531,2394,1.8472222222222223
2023-11-29,0,0,0,0,0,0,0,0,64,110,84,231,48,35,16,1,5.44673737166631,2,48,11,0,4.264321253968316,4.19010929875273,3072,1.7777777777777777
2023-11-30,0,0,0,0,0,0,0,1,181,59,40,0,46,75,8,0,0.0,3,48,11,0,3.4784272238904985,4.264321253968316,8326,2.3815789473684212
2023-12-01,0,0,0,1,0,0,0,0,99,133,42,204,34,21,19,1,5.3230099791384085,4,48,12,0,4.238857220910271,3.4784272238904985,3366,4.5
2023-12-02,0,0,0,0,0,1,0,0,72,114,87,203,30,31,12,1,5.318119993844216,5,48,12,1,4.32198887026023,4.238857220910271,2160,2.25
2023-12-03,1,0,0,0,0,0,0,0,108,126,89,141,49,26,1,1,4.955827057601261,6,48,12,1,4.328156323383832,4.32198887026023,5292,4.0
2023-12-04,0,0,0,1,0,0,1,0,139,50,20,0,33,16,12,0,0.0,0,49,12,0,3.5863053446852304,4.328156323383832,4587,8.176470588235293
2023-12-05,0,0,0,0,0,0,0,0,164,129,42,170,23,77,8,1,5.14166355650266,1,49,12,0,3.7407654226789795,3.5863053446852304,3772,2.1025641025641026
2023-12-06,0,0,0,1,1,0,1,0,124,64,16,119,12,46,19,1,4.787491742782046,2,49,12,0,3.6465874756955126,3.7407654226789795,1488,2.6382978723404253
2023-12-07,0,0,1,0,0,0,0,0,172,77,40,158,27,47,5,1,5.0689042022202315,3,49,12,0,4.37071664744126,3.6465874756955126,4644,3.5833333333333335
2023-12-08,0,0,0,1,0,0,0,0,185,72,57,100,46,20,0,1,4.61512051684126,4,49,12,0,4.269589581398811,4.37071664744126,8510,8.80952380952381
2023-12-09,0,0,0,0,0,0,0,0,188,158,56,228,39,10,4,1,5.43372200355424,5,49,12,1,4.286104154214528,4.269589581398811,7332,17.09090909090909
2023-12-10,0,0,0,0,0,0,0,0,67,156,87,0,35,34,2,0,0.0,6,49,12,1,3.578128860271491,4.286104154214528,2345,1.9142857142857144
2023-12-11,0,1,0,0,1,0,0,0,99,162,62,214,39,51,3,1,5.3706380281276624,0,50,12,0,4.345362864289728,3.578128860271491,3861,1.9038461538461537
2023-12-12,0,0,0,1,0,0,0,0,191,147,89,142,36,61,0,1,4.962844630259907,1,50,12,0,4.319817303397906,4.345362864289728,6876,3.0806451612903225
2023-12-13,0,0,0,0,0,0,1,0,167,77,28,130,9,33,13,1,4.875197323201151,2,50,12,0,4.332346672029208,4.319817303397906,1503,4.911764705882353
2023-12-14,0,0,0,0,0,0,0,0,186,91,90,188,20,62,8,1,5.241747015059643,3,50,12,0,4.357038502434837,4.332346672029208,3720,2.9523809523809526
2023-12-15,0,0,0,1,0,0,0,1,188,148,99,0,21,65,23,0,0.0,4,50,12,0,3.6977355714575144,4.357038502434837,3948,2.8484848484848486
2023-12-16,0,1,0,1,0,0,0,1,157,110,15,213,36,72,3,1,5.365976015021851,5,50,12,1,3.6880575730957443,3.6977355714575144,5652,2.1506849315068495
2023-12-17,0,0,0,0,0,0,0,1,116,172,58,0,42,90,17,0,0.0,6,50,12,1,3.6880575730957443,3.6880575730957443,4872,1.2747252747252746
2023-12-18,1,0,0,1,0,0,0,0,127,113,82,0,36,17,13,0,0.0,0,51,12,0,2.9208235690775077,3.6880575730957443,4572,7.055555555555555
2023-12-19,0,0,0,1,1,0,0,0,124,80,59,0,24,68,3,0,0.0,1,51,12,0,2.211845764754664,2.9208235690775077,2976,1.7971014492753623
2023-12-20,0,0,0,0,0,0,1,0,88,130,90,233,6,54,9,1,5.455321115357702,2,51,12,0,2.2947205922055995,2.211845764754664,528,1.6
2023-12-21,0,1,0,0,1,0,0,0,74,59,21,163,24,36,2,1,5.099866427824199,3,51,12,0,2.2744519368862504,2.2947205922055995,1776,2.0
2023-12-22,0,0,1,0,1,0,0,0,70,57,32,50,22,61,22,1,3.9318256327243257,4,51,12,0,2.8361413129897253,2.2744519368862504,1540,1.1290322580645162
2023-12-23,0,0,0,0,1,0,0,0,187,108,63,177,5,27,6,1,5.181783550292085,5,51,12,1,2.8098281037426154,2.8361413129897253,935,6.678571428571429
2023-12-24,0,0,0,0,0,0,0,1,64,79,78,0,33,95,9,0,0.0,6,51,12,1,2.8098281037426154,2.8098281037426154,2112,0.6666666666666666
2023-12-25,1,1,0,0,0,0,0,1,97,69,68,220,33,25,12,1,5.3981627015177525,0,52,12,0,3.580994203959438,2.8098281037426154,3201,3.730769230769231
2023-12-26,0,0,0,0,1,0,0,0,135,97,45,155,23,75,3,1,5.049856007249537,1,52,12,0,4.302402204995086,3.580994203959438,3105,1.7763157894736843
2023-12-27,0,1,0,0,0,0,0,0,198,179,12,247,48,14,17,1,5.5134287461649825,2,52,12,0,4.310703295110412,4.302402204995086,9504,13.2
2023-12-28,0,0,0,0,0,0,0,0,165,86,67,197,44,91,10,1,5.288267030694535,3,52,12,0,4.337617666949031,4.310703295110412,7260,1.7934782608695652
2023-12-29,0,0,0,1,1,0,0,0,99,178,97,0,10,12,3,0,0.0,4,52,12,0,3.775928290845556,4.337617666949031,990,7.615384615384615
2023-12-30,0,0,0,1,1,0,1,0,190,149,64,237,48,90,23,1,5.472270673671475,5,52,12,1,3.8174264513283265,3.775928290845556,9120,2.087912087912088
2023-12-31,1,0,0,0,0,0,0,0,118,103,66,198,43,89,13,1,5.293304824724492,6,52,12,1,4.573612854860397,3.8174264513283265,5074,1.3111111111111111
2024-01-01,0,0,0,1,0,0,0,0,53,171,26,50,12,79,17,1,3.9318256327243257,0,1,1,0,4.36413613074705,4.573612854860397,636,0.6625
2024-01-02,1,0,0,0,0,0,0,0,127,74,48,70,28,16,7,1,4.2626798770413155,1,1,1,0,4.251682397860161,4.36413613074705,3556,7.470588235294118
2024-01-03,1,0,1,0,1,0,0,0,58,58,99,110,24,59,9,1,4.709530201312334,2,1,1,0,4.136839748595497,4.251682397860161,1392,0.9666666666666667
2024-01-04,0,0,0,0,1,0,0,0,170,83,77,86,18,23,4,1,4.465908118654584,3,1,1,0,4.01935990401836,4.136839748595497,3060,7.083333333333333
2024-01-05,0,0,0,0,0,0,0,0,164,92,64,164,9,47,22,1,5.10594547390058,4,1,1,0,4.748780686004158,4.01935990401836,1476,3.4166666666666665
2024-01-06,0,0,1,1,0,0,0,1,150,123,54,121,45,88,6,1,4.804021044733257,5,1,1,1,4.653316453298698,4.748780686004158,6750,1.6853932584269662
2024-01-07,0,1,0,0,1,0,0,0,198,143,85,97,44,56,11,1,4.584967478670572,6,1,1,1,4.552125403862425,4.653316453298698,8712,3.473684210526316
2024-01-08,0,0,0,0,0,0,0,0,195,71,10,118,38,42,2,1,4.77912349311153,0,2,1,0,4.67316795534631,4.552125403862425,7410,4.534883720930233
2024-01-09,0,1,0,0,0,0,0,0,146,119,30,207,20,52,3,1,5.337538079701318,1,2,1,0,4.826719127154882,4.67316795534631,2920,2.7547169811320753
2024-01-10,0,1,0,0,1,0,1,0,130,179,92,218,49,38,9,1,5.389071729816501,2,2,1,0,4.923796488369763,4.826719127154882,6370,3.3333333333333335
2024-01-11,0,0,0,0,0,0,1,1,92,143,30,142,11,66,3,1,4.962844630259907,3,2,1,0,4.9947874185990955,4.923796488369763,1012,1.373134328358209
2024-01-12,1,0,0,0,0,0,0,0,144,81,61,0,20,14,14,0,0.0,4,2,1,0,4.265366636613297,4.9947874185990955,2880,9.6
2024-01-13,0,0,0,0,0,0,0,0,55,155,91,96,11,69,9,1,4.574710978503383,5,2,1,1,4.232608055723316,4.265366636613297,605,0.7857142857142857
2024-01-14,1,0,1,1,0,0,0,0,116,50,52,0,31,79,20,0,0.0,6,2,1,1,3.5776127016275194,4.232608055723316,3596,1.45
2024-01-15,0,0,0,1,1,0,1,1,189,121,61,232,18,11,21,1,5.4510384535657,0,3,1,0,3.673600553120973,3.5776127016275194,3402,15.75
2024-01-16,0,0,0,0,0,0,0,0,149,99,76,168,18,79,15,1,5.1298987149230735,1,3,1,0,3.6439377867240808,3.673600553120973,2682,1.8625
2024-01-17,0,0,0,1,1,0,1,0,61,64,53,196,48,52,14,1,5.2832037287379885,2,3,1,0,3.6288137865700074,3.6439377867240808,2928,1.150943396226415
2024-01-18,0,0,0,0,0,0,0,0,115,102,41,195,37,13,18,1,5.278114659230517,3,3,1,0,3.673852362137237,3.6288137865700074,4255,8.214285714285714
2024-01-19,1,0,0,0,0,1,0,0,51,57,19,191,37,65,19,1,5.2574953720277815,4,3,1,0,4.424923129569778,3.673852362137237,1887,0.7727272727272727
2024-01-20,0,0,1,0,0,0,0,0,192,123,73,199,48,68,18,1,5.298317366548036,5,3,1,1,4.528295470719014,4.424923129569778,9216,2.782608695652174
2024-01-21,1,0,0,0,0,1,1,0,130,95,88,128,24,98,17,1,4.859812404361672,6,3,1,1,5.2225543856278245,4.528295470719014,3120,1.3131313131313131
2024-01-22,0,0,0,1,0,1,1,0,184,118,78,224,40,18,11,1,5.41610040220442,0,4,1,0,5.217563235433356,5.2225543856278245,7360,9.68421052631579
2024-01-23,0,0,0,0,0,0,0,1,191,163,77,243,11,12,15,1,5.497168225293202,1,4,1,0,5.270030308343374,5.217563235433356,2101,14.692307692307692
2024-01-24,0,0,1,0,0,0,0,0,119,172,37,157,36,99,0,1,5.062595033026967,2,4,1,0,5.238514780384657,5.270030308343374,4284,1.19
2024-01-25,1,0,0,0,0,0,0,0,164,166,62,141,7,57,15,1,4.955827057601261,3,4,1,0,5.192473694437621,5.238514780384657,1148,2.8275862068965516
2024-01-26,1,0,0,0,1,0,0,0,137,92,60,228,43,52,1,1,5.43372200355424,4,4,1,0,5.217648927512828,5.192473694437621,5891,2.5849056603773586
2024-01-27,0,1,0,1,0,0,0,0,55,69,62,0,33,10,23,0,0.0,5,4,1,1,4.460746446577395,5.217648927512828,1815,5.0
2024-01-28,0,0,1,0,1,0,0,0,76,70,13,70,28,66,14,1,4.2626798770413155,6,4,1,1,4.375441799817343,4.460746446577395,2128,1.1343283582089552
2024-01-29,0,0,0,0,0,0,0,0,131,131,88,77,26,62,6,1,4.356708826689592,0,5,1,0,4.224100146172368,4.375441799817343,3406,2.0793650793650795
2024-01-30,0,0,1,0,0,0,0,0,137,106,26,0,10,25,0,0,0.0,1,5,1,0,3.438790399701911,4.224100146172368,1370,5.269230769230769
2024-01-31,1,0,0,0,0,0,0,0,169,123,76,73,28,60,4,1,4.30406509320417,2,5,1,0,3.330428979727226,3.438790399701911,4732,2.7704918032786887
2024-02-01,1,0,0,0,0,0,0,0,73,147,83,190,44,84,9,1,5.25227342804663,3,5,2,0,3.372778461219421,3.330428979727226,3212,0.8588235294117647
2024-02-02,0,0,0,0,0,0,0,0,151,159,56,84,27,99,21,1,4.442651256490317,4,5,2,0,3.231196925924575,3.372778461219421,4077,1.51
2024-02-03,0,0,0,0,1,0,0,0,83,164,65,223,42,64,20,1,5.4116460518550396,5,5,2,1,4.004289219046724,3.231196925924575,3486,1.2769230769230768
2024-02-04,0,0,0,0,1,0,0,0,96,91,32,51,14,10,3,1,3.9512437185814275,6,5,2,1,3.9597983392667397,4.004289219046724,1344,8.727272727272727
2024-02-05,0,0,0,1,0,1,0,0,73,117,27,199,20,99,13,1,5.298317366548036,0,6,2,0,4.094313844960802,3.9597983392667397,1460,0.73
2024-02-06,1,0,0,1,0,0,0,1,114,119,10,0,15,37,12,0,0.0,1,6,2,0,4.094313844960802,4.094313844960802,1710,3.0
2024-02-07,0,0,0,0,1,0,0,1,67,127,44,174,36,62,0,1,5.1647859739235145,2,6,2,0,4.217273970777852,4.094313844960802,2412,1.0634920634920635
2024-02-08,1,0,0,0,0,0,0,0,93,139,73,169,49,67,15,1,5.135798437050262,3,6,2,0,4.2006346863498,4.217273970777852,4557,1.3676470588235294
2024-02-09,0,0,1,0,1,0,0,0,125,160,67,232,10,82,22,1,5.4510384535657,4,6,2,0,4.344690000217711,4.2006346863498,1250,1.5060240963855422
2024-02-10,1,0,1,1,1,0,0,0,106,161,68,78,28,69,8,1,4.3694478524670215,5,6,2,1,4.19580454316228,4.344690000217711,2968,1.5142857142857142
2024-02-11,0,0,0,0,1,0,1,1,156,152,10,173,37,68,21,1,5.159055299214529,6,6,2,1,4.368349054681294,4.19580454316228,5772,2.260869565217391
2024-02-12,0,0,0,0,0,0,1,0,173,68,12,213,16,31,15,1,5.365976015021851,0,7,2,0,4.378014575891839,4.368349054681294,2768,5.40625
2024-02-13,1,0,0,0,0,0,0,0,188,119,76,53,31,17,18,1,3.9889840465642745,1,7,2,0,4.947869439686736,4.378014575891839,5828,10.444444444444445
2024-02-14,0,0,0,0,0,1,0,0,165,112,46,180,42,58,14,1,5.198497031265826,2,7,2,0,4.952685305021352,4.947869439686736,6930,2.7966101694915255
2024-02-15,0,0,0,0,0,0,0,1,142,124,92,212,22,51,13,1,5.3612921657094255,3,7,2,0,4.984898694829804,4.952685305021352,3124,2.730769230769231
2024-02-16,1,0,0,0,1,0,1,0,91,153,38,117,49,36,19,1,4.770684624465665,4,7,2,0,4.887705290672656,4.984898694829804,4459,2.4594594594594597
2024-02-17,1,0,0,0,0,0,0,0,77,124,98,73,43,48,9,1,4.30406509320417,5,7,2,1,4.878364896492249,4.887705290672656,3311,1.5714285714285714
2024-02-18,0,0,0,0,0,0,0,0,172,177,42,243,17,92,20,1,5.497168225293202,6,7,2,1,4.926666743074916,4.878364896492249,2924,1.8494623655913978
2024-02-19,0,0,0,0,1,0,0,0,73,105,70,176,44,34,11,1,5.176149732573829,0,8,2,0,4.899548702725199,4.926666743074916,3212,2.085714285714286
2024-02-20,0,0,0,0,1,0,0,0,185,71,99,115,34,47,0,1,4.7535901911063645,1,8,2,0,5.0087781519454975,4.899548702725199,6290,3.8541666666666665
2024-02-21,0,0,0,0,1,0,0,0,155,138,13,0,45,94,20,0,0.0,2,8,2,0,4.266135718907522,5.0087781519454975,6975,1.631578947368421
2024-02-22,0,0,0,0,1,1,0,0,167,68,23,224,17,33,16,1,5.41610040220442,3,8,2,0,4.273965466978235,4.266135718907522,2839,4.911764705882353
2024-02-23,0,0,0,0,0,0,0,0,102,75,42,142,38,33,8,1,4.962844630259907,4,8,2,0,4.301416896377413,4.273965466978235,3876,3.0
2024-02-24,0,0,0,0,0,0,0,0,181,72,31,137,40,69,22,1,4.927253685157205,5,8,2,1,4.390443838084989,4.301416896377413,7240,2.585714285714286
2024-02-25,0,0,0,1,1,0,0,0,149,96,57,156,34,92,18,1,5.056245805348308,6,8,2,1,4.327454920950005,4.390443838084989,5066,1.6021505376344085
2024-02-26,0,0,1,0,0,0,0,0,54,62,12,161,29,59,17,1,5.087596335232384,0,9,2,0,4.314804435615513,4.327454920950005,1566,0.9
2024-02-27,0,0,0,0,0,0,1,0,98,115,96,242,6,75,6,1,5.493061443340548,1,9,2,0,4.4204431859346816,4.314804435615513,588,1.2894736842105263
2024-02-28,0,0,0,0,0,0,0,0,147,122,94,73,40,23,8,1,4.30406509320417,2,9,2,0,5.035309627820992,4.4204431859346816,5880,6.125
2024-02-29,0,0,0,0,0,0,0,0,79,126,32,170,22,62,21,1,5.14166355650266,3,9,2,0,4.9961043641493115,5.035309627820992,1738,1.253968253968254
2024-03-01,0,0,0,0,1,0,0,0,121,80,77,0,9,41,20,0,0.0,4,9,3,0,4.287126559826468,4.9961043641493115,1089,2.880952380952381
2024-03-02,0,0,0,0,0,0,0,0,152,134,30,247,23,57,11,1,5.5134287461649825,5,9,3,1,4.3708658542561505,4.287126559826468,3496,2.6206896551724137
2024-03-03,1,0,0,0,0,0,1,1,112,108,52,197,46,48,6,1,5.288267030694535,6,9,3,1,4.404011743591325,4.3708658542561505,5152,2.2857142857142856
2024-03-04,0,0,0,1,0,0,0,0,75,90,94,204,22,49,13,1,5.3230099791384085,0,10,3,0,4.437642264149329,4.404011743591325,1650,1.5
2024-03-05,0,0,1,0,0,0,1,0,86,161,35,0,36,51,14,0,0.0,1,10,3,0,3.652919200814965,4.437642264149329,3096,1.6538461538461537
2024-03-06,0,0,0,1,0,0,0,0,56,145,50,73,25,86,14,1,4.30406509320417,2,10,3,0,3.652919200814966,3.652919200814965,1400,0.6436781609195402
2024-03-07,0,0,0,1,0,0,1,0,176,171,47,117,14,85,5,1,4.770684624465665,3,10,3,0,3.599922210523966,3.652919200814966,2464,2.046511627906977
2024-03-08,0,0,0,0,1,0,0,1,141,154,97,93,41,17,20,1,4.543294782270004,4,10,3,0,4.248964322276824,3.599922210523966,5781,7.833333333333333
2024-03-09,0,0,0,1,0,0,0,1,152,123,20,173,26,88,13,1,5.159055299214529,5,10,3,1,4.198339544141044,4.248964322276824,3952,1.7078651685393258
2024-03-10,0,0,0,0,0,0,0,0,102,148,38,77,17,35,1,1,4.356708826689592,6,10,3,1,4.065259800711767,4.198339544141044,1734,2.8333333333333335
2024-03-11,0,0,0,1,0,0,1,0,181,175,69,69,21,21,7,1,4.248495242049359,0,11,3,0,3.9117576954133315,4.065259800711767,3801,8.227272727272727
2024-03-12,0,0,0,0,0,0,1,0,157,124,76,0,13,52,12,0,0.0,1,11,3,0,3.9117576954133315,3.9117576954133315,2041,2.9622641509433962
2024-03-13,1,0,0,0,0,0,0,0,161,63,74,59,28,60,22,1,4.0943445622221,2,11,3,0,3.88179761955875,3.9117576954133315,4508,2.639344262295082
2024-03-14,0,0,0,0,1,0,1,0,56,87,70,156,48,91,5,1,5.056245805348308,3,11,3,0,3.922592073970556,3.88179761955875,2688,0.6086956521739131
2024-03-15,0,0,0,0,0,0,0,0,116,94,28,0,18,72,4,0,0.0,4,11,3,0,3.273549962217698,3.922592073970556,2088,1.5890410958904109
2024-03-16,0,0,0,0,1,0,0,0,157,124,55,0,12,58,4,0,0.0,5,11,3,1,2.536542062329908,3.273549962217698,1884,2.6610169491525424
2024-03-17,1,1,0,0,0,0,0,0,160,78,58,243,41,36,0,1,5.497168225293202,6,11,3,1,2.6994648335589955,2.536542062329908,6560,4.324324324324325
2024-03-18,0,0,0,0,0,0,0,1,197,67,31,151,23,18,8,1,5.0238805208462765,0,12,3,0,2.8102341591014124,2.6994648335589955,4531,10.368421052631579
2024-03-19,0,0,0,0,0,1,0,0,132,69,87,248,32,48,5,1,5.517452896464707,1,12,3,0,3.5984417157392277,2.8102341591014124,4224,2.693877551020408
2024-03-20,1,0,0,0,1,0,0,1,173,63,66,196,45,74,19,1,5.2832037287379885,2,12,3,0,3.7682787395272115,3.5984417157392277,7785,2.3066666666666666
2024-03-21,1,0,0,0,0,0,0,0,188,103,23,184,34,80,6,1,5.220355825078324,3,12,3,0,3.7917230280600713,3.7682787395272115,6392,2.3209876543209877
2024-03-22,1,0,1,1,0,0,0,0,153,80,53,149,11,99,8,1,5.0106352940962555,4,12,3,0,4.507528070073822,3.7917230280600713,1683,1.53
2024-03-23,0,0,0,1,0,0,0,0,116,107,25,78,30,80,4,1,4.3694478524670215,5,12,3,1,5.131734906140539,4.507528070073822,3480,1.4320987654320987
2024-03-24,0,0,0,1,0,0,0,0,56,153,86,0,44,16,13,0,0.0,6,12,3,1,4.346425159670082,5.131734906140539,2464,3.2941176470588234
2024-03-25,0,0,0,0,0,0,0,0,159,177,21,157,15,81,4,1,5.062595033026967,0,13,3,0,4.351955804267324,4.346425159670082,2385,1.9390243902439024
2024-03-26,0,1,0,0,0,0,0,0,83,74,64,146,18,89,7,1,4.990432586778736,1,13,3,0,4.276667188597899,4.351955804267324,1494,0.9222222222222223
2024-03-27,0,0,1,0,0,0,0,1,155,68,60,233,25,76,6,1,5.455321115357702,2,13,3,0,4.30125538668643,4.276667188597899,3875,2.012987012987013
2024-03-28,0,0,1,1,0,0,0,0,196,52,48,0,12,19,12,0,0.0,3,13,3,0,3.5554902688180974,4.30125538668643,2352,9.8
2024-03-29,1,1,0,0,0,0,0,0,107,135,42,209,7,80,12,1,5.3471075307174685,4,13,3,0,3.6035577311925566,3.5554902688180974,749,1.3209876543209877
2024-03-30,0,0,0,0,1,0,0,1,58,58,42,136,32,94,7,1,4.919980925828125,5,13,3,1,3.6822053131012855,3.6035577311925566,1856,0.6105263157894737
2024-03-31,0,1,0,0,1,0,0,0,97,143,38,184,33,62,10,1,5.220355825078324,6,13,3,1,4.4279704309696175,3.6822053131012855,3201,1.5396825396825398
2024-04-01,0,0,1,1,1,1,0,0,164,69,78,89,27,96,17,1,4.499809670330265,0,14,4,0,4.347572522012946,4.4279704309696175,4428,1.690721649484536
2024-04-02,0,0,0,0,0,0,0,0,90,84,79,159,22,66,18,1,5.075173815233827,1,14,4,0,4.3596784117922445,4.347572522012946,1980,1.3432835820895523
2024-04-03,0,0,0,0,0,0,0,1,97,102,40,89,39,95,5,1,4.499809670330265,2,14,4,0,4.223176776788325,4.3596784117922445,3783,1.0104166666666667
2024-04-04,0,0,0,0,0,0,0,1,74,159,89,173,17,36,21,1,5.159055299214529,3,14,4,0,4.960184676676115,4.223176776788325,1258,2.0
2024-04-05,0,0,0,0,0,0,1,1,165,53,40,247,16,63,1,1,5.5134287461649825,4,14,4,0,4.983944850311474,4.960184676676115,2640,2.578125
2024-04-06,0,0,0,0,0,0,1,0,127,151,98,204,9,13,12,1,5.3230099791384085,5,14,4,1,5.0415204293558,4.983944850311474,1143,9.071428571428571
2024-04-07,0,0,0,0,0,0,0,1,157,96,55,154,43,97,22,1,5.043425116919247,6,14,4,1,5.016244613904504,5.0415204293558,6751,1.6020408163265305
2024-04-08,0,0,0,0,0,0,0,0,74,143,86,210,15,32,10,1,5.351858133476067,0,15,4,0,5.137965822925332,5.016244613904504,1110,2.242424242424242
2024-04-09,1,0,0,1,0,0,0,0,196,97,61,144,15,57,0,1,4.976733742420574,1,15,4,0,5.123902955380582,5.137965822925332,2940,3.3793103448275863
2024-04-10,0,0,0,0,1,0,0,0,88,140,19,225,46,92,23,1,5.420534999272286,2,15,4,0,5.255435145229442,5.123902955380582,4048,0.946236559139785
2024-04-11,0,1,0,1,0,1,1,0,168,133,97,80,35,51,1,1,4.394449154672439,3,15,4,0,5.146205696009143,5.255435145229442,5880,3.230769230769231
2024-04-12,1,1,0,1,0,0,0,1,128,117,83,240,35,12,16,1,5.484796933490655,4,15,4,0,5.142115437055668,5.146205696009143,4480,9.846153846153847
2024-04-13,0,0,0,0,0,0,0,1,129,174,50,129,17,12,7,1,4.867534450455582,5,15,4,1,5.077047504386693,5.142115437055668,2193,9.923076923076923
2024-04-14,1,0,0,0,0,0,0,0,76,122,86,0,18,37,1,0,0.0,6,15,4,1,4.356558201969658,5.077047504386693,1368,2.0
2024-04-15,0,0,0,0,0,0,1,0,153,53,12,68,49,72,5,1,4.23410650459726,0,16,4,0,4.196879397844114,4.356558201969658,7497,2.095890410958904
2024-04-16,1,0,0,1,1,0,0,0,123,125,68,115,46,90,21,1,4.7535901911063645,1,16,4,0,4.16500174765637,4.196879397844114,5658,1.3516483516483517
2024-04-17,0,0,0,0,1,0,0,1,117,122,61,141,29,40,4,1,4.955827057601261,2,16,4,0,4.098614898846223,4.16500174765637,3393,2.8536585365853657
2024-04-18,1,0,0,0,0,1,0,0,196,126,43,120,37,19,15,1,4.795790545596741,3,16,4,0,4.155949383263981,4.098614898846223,7252,9.8
2024-04-19,0,0,0,0,1,0,0,0,77,97,58,62,37,58,7,1,4.143134726391533,4,16,4,0,3.964283353678392,4.155949383263981,2849,1.305084745762712
2024-04-20,1,0,0,0,1,0,0,0,172,151,37,103,19,95,18,1,4.6443908991413725,5,16,4,1,3.932405703490647,3.964283353678392,3268,1.7916666666666667
2024-04-21,0,0,0,0,1,0,0,0,187,155,92,163,20,30,15,1,5.099866427824199,6,16,4,1,4.660958050322676,3.932405703490647,3740,6.032258064516129
2024-04-22,0,0,0,0,1,1,1,0,132,126,96,0,48,62,12,0,0.0,0,17,4,0,4.056085692523068,4.660958050322676,6336,2.0952380952380953
2024-04-23,1,0,0,0,0,0,1,1,79,88,22,50,42,96,19,1,3.9318256327243257,1,17,4,0,3.9386907556113475,4.056085692523068,3318,0.8144329896907216
2024-04-24,0,1,0,0,0,0,1,0,71,107,78,221,10,85,6,1,5.402677381872279,2,17,4,0,4.002526516221493,3.9386907556113475,710,0.8255813953488372
2024-04-25,0,0,0,0,0,0,0,0,52,68,76,218,48,98,15,1,5.389071729816501,3,17,4,0,4.08728097111003,4.002526516221493,2496,0.5252525252525253
2024-04-26,0,0,0,0,0,0,0,0,150,137,70,0,29,63,22,0,0.0,4,17,4,0,3.4954045816255253,4.08728097111003,4350,2.34375
2024-04-27,0,0,0,0,1,0,0,0,154,162,69,81,19,66,15,1,4.406719247264253,5,17,4,1,3.4614514885002228,3.4954045816255253,2926,2.298507462686567
2024-04-28,0,0,0,0,0,0,0,1,51,126,80,157,8,29,11,1,5.062595033026967,6,17,4,1,3.4561270035291893,3.4614514885002228,408,1.7
2024-04-29,0,0,0,1,1,0,0,0,103,126,33,240,8,58,13,1,5.484796933490655,0,18,4,0,4.239669422599283,3.4561270035291893,824,1.7457627118644068
2024-04-30,1,0,0,0,1,0,0,0,55,77,72,127,34,16,23,1,4.852030263919617,1,18,4,0,4.371127227055753,4.239669422599283,1870,3.235294117647059
2024-05-01,0,0,0,0,1,0,0,0,156,115,95,0,38,38,17,0,0.0,2,18,5,0,3.599316172502571,4.371127227055753,5928,4.0
2024-05-02,0,0,0,0,1,0,0,0,172,59,70,0,31,57,17,0,0.0,3,18,5,0,2.8294487825287846,3.599316172502571,5332,2.9655172413793105
2024-05-03,1,0,0,0,0,0,0,0,51,175,32,59,35,22,15,1,4.0943445622221,4,18,5,0,3.4143551485605133,2.8294487825287846,1785,2.217391304347826
2024-05-04,1,0,0,0,0,0,0,0,160,107,39,160,36,12,19,1,5.081404364984463,5,18,5,1,3.5107387368062573,3.4143551485605133,5760,12.307692307692308
2024-05-05,0,1,0,0,0,0,0,0,51,174,69,89,48,11,15,1,4.499809670330265,6,18,5,1,3.430340827849586,3.5107387368062573,2448,4.25
2024-05-06,0,0,0,1,0,0,0,0,142,161,27,0,43,25,12,0,0.0,0,19,5,0,2.646798408779492,3.430340827849586,6106,5.461538461538462
2024-05-07,0,0,0,0,0,0,0,0,150,133,65,81,13,15,8,1,4.406719247264253,1,19,5,0,2.5831825492572977,2.646798408779492,1950,9.375
2024-05-08,0,1,0,0,0,0,0,0,146,145,62,140,45,54,8,1,4.948759890378168,2,19,5,0,3.29014824788275,2.5831825492572977,6570,2.6545454545454548
2024-05-09,0,0,1,0,1,1,0,0,160,82,16,180,12,80,12,1,5.198497031265826,3,19,5,0,4.0327906809207255,3.29014824788275,1920,1.9753086419753085
2024-05-10,0,0,1,0,0,0,0,0,55,96,78,126,18,14,3,1,4.844187086458591,4,19,5,0,4.139911041525938,4.0327906809207255,990,3.6666666666666665
2024-05-11,0,0,0,0,0,0,0,1,176,161,81,0,37,65,8,0,0.0,5,19,5,1,3.4139961322424432,4.139911041525938,6512,2.6666666666666665
2024-05-12,0,0,0,0,0,0,0,1,153,92,88,228,27,80,14,1,5.43372200355424,6,19,5,1,3.5474121798458684,3.4139961322424432,4131,1.8888888888888888
2024-05-13,1,1,0,0,0,0,0,0,196,57,61,0,25,41,13,0,0.0,0,20,5,0,3.5474121798458684,3.5474121798458684,4900,4.666666666666667
2024-05-14,1,0,0,0,0,0,0,0,50,52,13,221,16,58,18,1,5.402677381872279,1,20,5,0,3.689691913361301,3.5474121798458684,800,0.847457627118644
2024-05-15,0,0,0,0,1,0,0,0,82,174,43,157,6,22,11,1,5.062595033026967,2,20,5,0,3.7059540765968433,3.689691913361301,492,3.5652173913043477
2024-05-16,0,0,0,0,0,0,0,0,89,61,78,0,17,39,20,0,0.0,3,20,5,0,2.963311643558868,3.7059540765968433,1513,2.225
2024-05-17,0,0,0,0,1,0,0,1,81,133,42,188,8,34,5,1,5.241747015059643,4,20,5,0,3.020105919073304,2.963311643558868,648,2.3142857142857145
2024-05-18,1,0,0,0,0,0,0,0,66,65,78,233,24,94,2,1,5.455321115357702,5,20,5,1,3.7994375069815476,3.020105919073304,1584,0.6947368421052632
2024-05-19,0,0,0,1,1,0,0,0,175,127,47,144,18,69,21,1,4.976733742420574,6,20,5,1,3.734153469676738,3.7994375069815476,3150,2.5
2024-05-20,0,0,0,0,0,0,1,1,57,108,35,131,34,68,19,1,4.882801922586371,0,21,5,0,4.4316966014747905,3.734153469676738,1938,0.8260869565217391
2024-05-21,1,0,0,0,0,0,0,1,106,112,10,197,33,94,15,1,5.288267030694535,1,21,5,0,4.415352265592256,4.4316966014747905,3498,1.1157894736842104
2024-05-22,1,0,0,0,0,0,0,0,91,98,13,111,12,37,19,1,4.718498871295094,2,21,5,0,4.366195671059131,4.415352265592256,1092,2.3947368421052633
2024-05-23,1,1,0,1,1,1,0,0,147,100,48,84,16,67,23,1,4.442651256490317,3,21,5,0,5.000860136272033,4.366195671059131,2352,2.161764705882353
2024-05-24,0,0,0,1,0,0,0,0,186,82,63,62,45,29,22,1,4.143134726391533,4,21,5,0,4.843915523605161,5.000860136272033,8370,6.2
2024-05-25,0,0,0,0,0,0,0,0,169,79,99,213,42,43,16,1,5.365976015021851,5,21,5,1,4.831151937842897,4.843915523605161,7098,3.840909090909091
2024-05-26,0,0,0,1,1,0,0,1,136,125,42,218,30,14,15,1,5.389071729816501,6,21,5,1,4.890057364613743,4.831151937842897,4080,9.066666666666666
2024-05-27,1,0,0,0,1,0,0,1,103,64,42,209,6,91,5,1,5.3471075307174685,0,22,5,0,4.9563867372039,4.890057364613743,618,1.1195652173913044
2024-05-28,1,0,0,0,0,0,0,0,133,131,81,208,44,69,7,1,5.342334251964811,1,22,5,0,4.964110625956796,4.9563867372039,5852,1.9
2024-05-29,0,0,0,1,1,0,0,0,74,141,29,0,18,52,18,0,0.0,2,22,5,0,4.290039358628926,4.964110625956796,1332,1.3962264150943395
2024-05-30,0,0,1,1,0,0,0,1,116,72,25,129,10,66,1,1,4.867534450455582,3,22,5,0,4.350736957766821,4.290039358628926,1160,1.7313432835820894
2024-05-31,0,0,0,0,0,0,0,0,95,143,30,80,46,66,13,1,4.394449154672439,4,22,5,0,4.386639018949808,4.350736957766821,4370,1.4179104477611941
2024-06-01,1,0,0,0,0,0,0,0,71,94,54,204,44,84,21,1,5.3230099791384085,5,22,6,1,4.380501013823602,4.386639018949808,3124,0.8352941176470589
2024-06-02,1,1,1,0,1,0,0,0,188,111,99,164,35,63,11,1,5.10594547390058,6,22,6,1,4.3400544058356125,4.380501013823602,6580,2.9375
2024-06-03,0,0,0,0,1,0,1,0,57,64,96,75,21,90,16,1,4.330733340286331,0,23,6,0,4.194858092916879,4.3400544058356125,1197,0.6263736263736264
2024-06-04,0,0,0,1,0,0,0,0,88,95,91,178,29,54,14,1,5.187385805840755,1,23,6,0,4.172722600613442,4.194858092916879,2552,1.6
2024-06-05,0,0,0,0,0,1,0,0,98,113,71,221,36,95,17,1,5.402677381872279,2,23,6,0,4.944533655166625,4.172722600613442,3528,1.0208333333333333
2024-06-06,1,0,0,0,0,0,0,0,95,124,40,199,16,46,15,1,5.298317366548036,3,23,6,0,5.006074071751262,4.944533655166625,1520,2.021276595744681
2024-06-07,1,0,0,0,1,0,0,0,87,101,51,136,17,93,12,1,4.919980925828125,4,23,6,0,5.081150039059216,5.006074071751262,1479,0.925531914893617
2024-06-08,1,0,0,0,1,0,1,0,185,137,21,70,23,57,20,1,4.2626798770413155,5,23,6,1,4.9296743101882035,5.081150039059216,4255,3.189655172413793
2024-06-09,0,0,0,0,0,1,0,0,103,106,74,67,48,63,16,1,4.219507705176107,6,23,6,1,4.803040343227565,4.9296743101882035,4944,1.609375
2024-06-10,0,0,0,0,1,0,1,0,141,132,82,170,29,57,7,1,5.14166355650266,0,24,6,0,4.918887516972753,4.803040343227565,4089,2.4310344827586206
2024-06-11,0,0,0,1,1,0,0,1,89,115,12,138,35,15,0,1,4.9344739331306915,1,24,6,0,4.882757249442745,4.918887516972753,3115,5.5625
2024-06-12,0,0,0,1,0,0,0,0,83,69,99,145,41,43,2,1,4.983606621708336,2,24,6,0,4.822889997990752,4.882757249442745,3403,1.8863636363636365
2024-06-13,1,0,0,0,0,0,0,0,145,82,18,61,29,72,15,1,4.127134385045092,3,24,6,0,4.655578143490333,4.822889997990752,4205,1.9863013698630136
2024-06-14,1,0,0,1,0,0,1,0,128,121,60,184,20,87,1,1,5.220355825078324,4,24,6,0,4.698488843383218,4.655578143490333,2560,1.4545454545454546
2024-06-15,1,0,0,1,0,0,0,1,176,74,25,225,42,57,14,1,5.420534999272286,5,24,6,1,4.863896717987642,4.698488843383218,7392,3.0344827586206895
2024-06-16,1,0,0,1,0,0,0,0,66,95,97,232,47,32,0,1,5.4510384535657,6,24,6,1,5.039829682043298,4.863896717987642,3102,2.0
2024-06-17,0,0,0,0,0,0,0,0,159,122,87,0,27,93,8,0,0.0,0,25,6,0,4.3053063168286325,5.039829682043298,4293,1.6914893617021276
2024-06-18,0,0,0,0,1,0,0,0,101,147,12,126,18,22,15,1,4.844187086458591,1,25,6,0,4.292408195875476,4.3053063168286325,1818,4.391304347826087
2024-06-19,1,0,0,0,0,0,1,0,167,106,33,0,10,56,3,0,0.0,2,25,6,0,3.5804643927742847,4.292408195875476,1670,2.9298245614035086
2024-06-20,1,0,1,0,0,0,0,0,58,136,82,211,29,53,11,1,5.356586274672012,3,25,6,0,3.7561003770067023,3.5804643927742847,1682,1.0740740740740742
2024-06-21,0,0,0,0,0,0,0,0,82,104,22,212,27,41,0,1,5.3612921657094255,4,25,6,0,3.7762341399540023,3.7561003770067023,2214,1.9523809523809523
2024-06-22,0,0,0,0,0,0,0,0,162,110,11,243,47,35,0,1,5.497168225293202,5,25,6,1,3.787181743671276,3.7762341399540023,7614,4.5
2024-06-23,0,0,0,0,0,0,0,0,198,138,80,0,16,62,6,0,0.0,6,25,6,1,3.008461964590462,3.787181743671276,3168,3.142857142857143
2024-06-24,1,0,0,0,0,0,1,0,134,57,30,207,17,23,17,1,5.337538079701318,0,26,6,0,3.770967404547793,3.008461964590462,2278,5.583333333333333
2024-06-25,0,0,0,0,0,0,0,0,59,65,28,184,40,61,22,1,5.220355825078324,1,26,6,0,3.8247057957791832,3.770967404547793,2360,0.9516129032258065
2024-06-26,0,0,1,0,0,0,0,0,55,165,98,174,43,45,22,1,5.1647859739235145,2,26,6,0,4.562532363482542,3.8247057957791832,2365,1.1956521739130435
2024-06-27,0,0,0,1,0,0,1,0,164,110,56,79,38,17,14,1,4.382026634673881,3,26,6,0,4.4233095577685235,4.562532363482542,6232,9.11111111111111
2024-06-28,0,0,0,1,0,0,0,0,170,64,31,89,10,49,12,1,4.499809670330265,4,26,6,0,4.300240629857215,4.4233095577685235,1700,3.4
2024-06-29,0,0,0,1,1,0,0,0,190,151,84,233,42,95,15,1,5.455321115357702,5,26,6,1,4.294262471295001,4.300240629857215,7980,1.9791666666666667
2024-06-30,0,0,0,1,0,0,0,0,114,103,42,0,44,31,6,0,0.0,6,26,6,1,4.294262471295001,4.294262471295001,5016,3.5625
2024-07-01,0,1,0,0,0,0,0,1,69,63,41,0,12,25,15,0,0.0,0,27,7,0,3.5317570313376696,4.294262471295001,828,2.6538461538461537
2024-07-02,0,0,0,1,1,0,0,1,106,85,73,218,12,69,12,1,5.389071729816501,1,27,7,0,3.5558593034431234,3.5317570313376696,1272,1.5142857142857142
2024-07-03,0,0,0,0,0,0,1,0,95,154,94,193,44,69,13,1,5.267858159063328,2,27,7,0,3.57058390132024,3.5558593034431234,4180,1.3571428571428572
2024-07-04,0,0,0,0,0,0,0,0,185,131,48,126,37,19,16,1,4.844187086458591,3,27,7,0,3.6366068230037696,3.57058390132024,6845,9.25
2024-07-05,1,0,0,0,1,0,0,0,59,116,93,237,38,34,11,1,5.472270673671475,4,27,7,0,3.7755298234810857,3.6366068230037696,2242,1.6857142857142857
2024-07-06,0,0,1,0,0,0,1,1,162,59,81,139,48,40,23,1,4.941642422609304,5,27,7,1,3.702147153088457,3.7755298234810857,7776,3.951219512195122
2024-07-07,0,0,0,0,0,1,0,0,188,98,51,0,19,30,23,0,0.0,6,27,7,1,3.702147153088457,3.702147153088457,3572,6.064516129032258
2024-07-08,1,0,0,0,1,0,0,0,61,160,18,0,40,90,19,0,0.0,0,28,7,0,3.702147153088457,3.702147153088457,2440,0.6703296703296703
2024-07-09,0,0,0,1,1,0,0,0,187,114,34,155,39,42,12,1,5.049856007249537,1,28,7,0,3.6536877641503196,3.702147153088457,7293,4.348837209302325
2024-07-10,0,0,0,0,1,0,1,0,60,106,98,0,26,40,23,0,0.0,2,28,7,0,2.901136598569844,3.6536877641503196,1560,1.4634146341463414
2024-07-11,0,0,1,0,0,0,0,1,167,76,11,188,27,99,19,1,5.241747015059643,3,28,7,0,2.95793087408428,2.901136598569844,4509,1.67
2024-07-12,0,0,0,1,0,0,0,0,88,162,28,157,44,30,14,1,5.062595033026967,4,28,7,0,2.899405782563636,2.95793087408428,3872,2.838709677419355
2024-07-13,0,0,0,0,0,0,0,0,102,120,29,204,49,45,23,1,5.3230099791384085,5,28,7,1,2.9538868620677934,2.899405782563636,4998,2.217391304347826
2024-07-14,0,0,1,0,0,0,0,1,105,132,79,123,26,74,20,1,4.820281565605037,6,28,7,1,3.6424985142970847,2.9538868620677934,2730,1.4
2024-07-15,0,0,0,0,0,0,0,0,153,106,26,155,9,13,3,1,5.049856007249537,0,29,7,0,4.363906515332732,3.6424985142970847,1377,10.928571428571429
2024-07-16,0,0,1,0,0,0,0,0,178,169,98,195,35,77,21,1,5.278114659230517,1,29,7,0,4.396514894187158,4.363906515332732,6230,2.282051282051282
2024-07-17,0,0,0,0,1,0,0,0,105,142,77,160,17,99,1,1,5.081404364984463,2,29,7,0,5.122429803470653,4.396514894187158,1785,1.05
2024-07-18,0,0,0,1,0,0,0,1,167,64,93,133,32,13,17,1,4.897839799950911,3,29,7,0,5.0733002013122634,5.122429803470653,5344,11.928571428571429
2024-07-19,0,0,0,0,0,0,1,0,181,160,12,81,24,18,1,1,4.406719247264253,4,29,7,0,4.979603660489018,5.0733002013122634,4344,9.526315789473685
2024-07-20,0,0,0,0,0,0,0,0,79,150,96,209,37,39,14,1,5.3471075307174685,5,29,7,1,4.983046167857455,4.979603660489018,2923,1.975
2024-07-21,0,0,1,1,0,0,0,0,61,168,60,117,20,54,18,1,4.770684624465665,6,29,7,1,4.975960890551831,4.983046167857455,1220,1.1090909090909091
2024-07-22,1,0,0,0,0,0,0,0,84,125,91,89,33,13,14,1,4.499809670330265,0,30,7,0,4.897382842420506,4.975960890551831,2772,6.0
2024-07-23,0,0,0,0,0,0,0,0,126,69,35,119,27,78,19,1,4.787491742782046,1,30,7,0,4.827293854356439,4.897382842420506,3402,1.5949367088607596
2024-07-24,0,0,0,0,0,0,0,0,151,122,65,180,28,32,9,1,5.198497031265826,2,30,7,0,4.844021378110919,4.827293854356439,4228,4.575757575757576
2024-07-25,0,1,0,0,0,0,0,0,136,171,73,0,38,25,23,0,0.0,3,30,7,0,4.144329978117932,4.844021378110919,5168,5.230769230769231
2024-07-26,0,0,0,0,1,0,0,1,101,90,17,0,11,31,19,0,0.0,4,30,7,0,3.5147986570801812,4.144329978117932,1111,3.15625
2024-07-27,0,0,1,0,1,0,0,0,129,179,90,81,42,81,10,1,4.406719247264253,5,30,7,1,3.3804574737297224,3.5147986570801812,5418,1.5731707317073171
2024-07-28,1,0,0,0,0,0,0,0,184,72,46,54,41,57,9,1,4.007333185232471,6,30,7,1,3.2714072681249804,3.3804574737297224,7544,3.1724137931034484
2024-07-29,1,0,0,1,0,0,0,0,71,72,36,212,8,71,22,1,5.3612921657094255,0,31,7,0,3.394476196036289,3.2714072681249804,568,0.9861111111111112
2024-07-30,0,0,0,0,1,0,0,0,124,58,54,184,38,69,4,1,5.220355825078324,1,31,7,0,3.4563139220786145,3.394476196036289,4712,1.7714285714285714
2024-07-31,1,0,0,0,1,0,0,1,107,62,13,233,46,89,8,1,5.455321115357702,2,31,7,0,3.4930030769488822,3.4563139220786145,4922,1.1888888888888889
2024-08-01,0,0,0,0,0,0,0,0,142,100,95,0,26,14,19,0,0.0,3,31,8,0,3.4930030769488822,3.4930030769488822,3692,9.466666666666667
2024-08-02,0,0,0,0,1,0,0,0,152,113,99,0,9,89,18,0,0.0,4,31,8,0,3.4930030769488822,3.4930030769488822,1368,1.6888888888888889
2024-08-03,0,0,1,0,0,0,0,0,189,101,97,240,46,16,12,1,5.484796933490655,5,31,8,1,3.647014174981226,3.4930030769488822,8694,11.117647058823529
2024-08-04,1,0,0,0,1,0,0,0,56,87,46,126,27,60,17,1,4.844187086458591,6,31,8,1,3.766564732299243,3.647014174981226,1512,0.9180327868852459
2024-08-05,0,0,0,1,1,0,0,0,177,149,80,141,19,74,16,1,4.955827057601261,0,32,8,0,3.7086411454266477,3.766564732299243,3363,2.36
2024-08-06,0,0,0,0,0,1,0,0,104,100,42,50,35,18,5,1,3.9318256327243257,1,32,8,0,3.5245654036617906,3.7086411454266477,3640,5.473684210526316
2024-08-07,0,0,1,0,1,0,0,0,155,104,40,204,13,91,9,1,5.3230099791384085,2,32,8,0,3.50566381277332,3.5245654036617906,2015,1.684782608695652
2024-08-08,0,0,0,0,0,0,0,0,111,158,64,0,47,54,1,0,0.0,3,32,8,0,3.50566381277332,3.50566381277332,5217,2.018181818181818
2024-08-09,0,0,0,0,1,0,1,0,139,93,21,89,29,56,23,1,4.499809670330265,4,32,8,0,4.148493765677643,3.50566381277332,4031,2.43859649122807
2024-08-10,0,0,0,0,0,0,0,0,147,159,20,92,29,76,5,1,4.532599493153256,5,32,8,1,4.0124655599151575,4.148493765677643,4263,1.9090909090909092
2024-08-11,0,0,0,0,1,0,1,1,126,177,97,0,25,33,20,0,0.0,6,32,8,1,3.3204388332782164,4.0124655599151575,3150,3.7058823529411766
2024-08-12,0,0,0,0,0,0,0,0,168,154,81,104,13,19,12,1,4.653960350157523,0,33,8,0,3.2773150179291113,3.3204388332782164,2184,8.4
2024-08-13,0,0,0,0,0,0,0,0,85,59,41,80,42,82,17,1,4.394449154672439,1,33,8,0,3.343404092493127,3.2773150179291113,3570,1.0240963855421688
2024-08-14,0,0,0,1,0,0,1,0,138,149,66,74,26,86,6,1,4.31748811353631,2,33,8,0,3.199758111692828,3.343404092493127,3588,1.5862068965517242
2024-08-15,0,0,0,1,1,0,0,0,194,158,47,0,47,57,1,0,0.0,3,33,8,0,3.199758111692828,3.199758111692828,9118,3.3448275862068964
2024-08-16,0,0,1,1,1,0,0,0,179,157,69,144,27,44,13,1,4.976733742420574,4,33,8,0,3.267890121991443,3.199758111692828,4833,3.977777777777778
2024-08-17,1,1,0,1,1,0,0,1,190,143,95,231,8,63,4,1,5.44673737166631,5,33,8,1,3.3984812474933084,3.267890121991443,1520,2.96875
2024-08-18,0,0,0,0,1,1,0,0,142,112,28,0,33,96,17,0,0.0,6,33,8,1,3.398481247493308,3.3984812474933084,4686,1.4639175257731958
2024-08-19,0,0,0,1,0,0,0,1,163,133,93,176,19,90,10,1,5.176149732573829,0,34,8,0,3.4730797306956376,3.398481247493308,3097,1.7912087912087913
2024-08-20,0,0,0,0,0,0,0,0,77,74,65,153,5,80,9,1,5.0369526024136295,1,34,8,0,3.564865937515808,3.4730797306956376,385,0.9506172839506173
2024-08-21,0,0,0,1,0,0,0,0,192,61,23,137,34,25,10,1,4.927253685157205,2,34,8,0,3.651975304890221,3.564865937515808,6528,7.384615384615385
2024-08-22,0,0,0,1,0,1,0,1,82,74,42,142,33,62,1,1,4.962844630259907,3,34,8,0,4.360953109213065,3.651975304890221,2706,1.3015873015873016
2024-08-23,0,0,0,0,0,0,1,0,69,60,19,188,24,49,14,1,5.241747015059643,4,34,8,0,4.398812148161503,4.360953109213065,1656,1.38
2024-08-24,0,0,0,1,0,0,0,1,189,113,89,249,37,29,6,1,5.521460917862246,5,34,8,1,4.409486940475208,4.398812148161503,6993,6.3
2024-08-25,0,0,0,0,0,0,0,0,150,175,73,156,45,97,8,1,5.056245805348308,6,34,8,1,5.13180776981068,4.409486940475208,6750,1.530612244897959
2024-08-26,0,1,0,0,0,0,0,1,72,99,73,70,48,78,4,1,4.2626798770413155,0,35,8,0,5.001312076163179,5.13180776981068,3456,0.9113924050632911
2024-08-27,0,1,0,0,0,0,0,0,161,138,71,209,40,54,6,1,5.3471075307174685,1,35,8,0,5.045619923063727,5.001312076163179,6440,2.9272727272727272
2024-08-28,0,0,0,0,0,0,0,0,63,148,77,184,26,15,19,1,5.220355825078324,2,35,8,0,5.087491657338172,5.045619923063727,1638,3.9375
2024-08-29,0,0,0,0,1,1,0,0,140,165,52,249,17,78,1,1,5.521460917862246,3,35,8,0,5.1672939841385075,5.087491657338172,2380,1.7721518987341771
2024-08-30,0,0,0,0,1,0,0,0,126,145,89,214,11,58,2,1,5.3706380281276624,4,35,8,0,5.185706986005367,5.1672939841385075,1386,2.135593220338983
2024-08-31,0,0,0,1,1,0,0,0,134,63,68,141,12,48,1,1,4.955827057601261,5,35,8,1,5.104902148825226,5.185706986005367,1608,2.7346938775510203
2024-09-01,0,0,0,0,0,0,0,0,158,50,61,55,32,11,20,1,4.02535169073515,6,35,9,1,4.957631561023347,5.104902148825226,5056,13.166666666666666
2024-09-02,0,0,0,1,0,0,1,0,80,74,28,206,49,48,21,1,5.332718793265369,0,36,9,0,5.110494263341069,4.957631561023347,3920,1.6326530612244898
2024-09-03,0,0,0,1,1,0,0,0,171,121,30,0,47,30,22,0,0.0,1,36,9,0,4.346621758952859,5.110494263341069,8037,5.516129032258065
2024-09-04,0,0,0,1,0,0,0,0,156,118,31,170,13,49,18,1,5.14166355650266,2,36,9,0,4.335380006299192,4.346621758952859,2028,3.12
2024-09-05,0,0,1,1,0,0,0,0,103,154,18,168,29,91,3,1,5.1298987149230735,3,36,9,0,4.279442548736454,4.335380006299192,2987,1.1195652173913044
2024-09-06,1,0,1,0,0,0,0,0,182,72,18,138,20,63,23,1,4.9344739331306915,4,36,9,0,4.217133392308315,4.279442548736454,3640,2.84375
2024-09-07,1,0,1,1,0,0,1,0,190,58,82,0,14,21,19,0,0.0,5,36,9,1,3.5091580983652775,4.217133392308315,2660,8.636363636363637
2024-09-08,0,0,0,1,0,0,0,0,92,167,36,0,15,90,6,0,0.0,6,36,9,1,2.9341078568316847,3.5091580983652775,1380,1.010989010989011
2024-09-09,0,0,0,0,0,0,0,0,138,143,26,240,35,46,21,1,5.484796933490655,0,37,9,0,2.9558333054352977,2.9341078568316847,4830,2.9361702127659575
2024-09-10,1,1,1,0,0,0,0,0,164,82,53,78,16,47,6,1,4.3694478524670215,1,37,9,0,3.5800401415020144,2.9558333054352977,2624,3.4166666666666665
2024-09-11,0,0,0,0,0,1,0,1,148,179,54,72,35,24,16,1,4.290459441148391,2,37,9,0,3.458439553594262,3.5800401415020144,5180,5.92
2024-09-12,0,0,0,0,0,0,0,1,96,63,17,87,18,16,18,1,4.477336814478207,3,37,9,0,3.365216424959281,3.458439553594262,1728,5.647058823529412
2024-09-13,0,0,0,0,1,1,0,0,120,50,89,242,48,87,21,1,5.493061443340548,4,37,9,0,3.4450146407035462,3.365216424959281,5760,1.3636363636363635
2024-09-14,0,0,0,0,0,0,1,0,116,139,27,105,36,59,15,1,4.663439094112067,5,37,9,1,4.111220225576699,3.4450146407035462,4176,1.9333333333333333
2024-09-15,0,0,1,0,0,0,0,0,111,138,42,135,21,74,2,1,4.912654885736052,6,37,9,1,4.813028066396135,4.111220225576699,2331,1.48
2024-09-16,0,0,0,0,1,0,1,0,158,139,10,119,39,76,14,1,4.787491742782046,0,38,9,0,4.713413039152047,4.813028066396135,6162,2.051948051948052
2024-09-17,0,0,0,1,0,0,0,0,86,63,85,244,5,53,13,1,5.501258210544727,1,38,9,0,4.875100233163148,4.713413039152047,430,1.5925925925925926
2024-09-18,0,1,0,0,0,0,0,0,168,160,15,234,33,40,14,1,5.459585514144159,2,38,9,0,5.042118243591115,4.875100233163148,5544,4.097560975609756
2024-09-19,0,0,0,0,0,0,0,0,135,132,50,0,8,52,13,0,0.0,3,38,9,0,4.402498698665657,5.042118243591115,1080,2.547169811320755
2024-09-20,0,0,0,0,0,0,0,0,175,121,64,70,27,86,6,1,4.2626798770413155,4,38,9,0,4.226729903480052,4.402498698665657,4725,2.0114942528735633
2024-09-21,0,0,0,0,0,0,0,0,185,179,14,0,32,57,2,0,0.0,5,38,9,1,3.5605243186068996,4.226729903480052,5920,3.189655172413793
2024-09-22,0,1,0,1,1,0,0,1,101,76,68,0,20,91,16,0,0.0,6,38,9,1,2.8587164777874636,3.5605243186068996,2020,1.0978260869565217
2024-09-23,1,0,1,0,0,0,0,0,140,123,89,188,16,90,9,1,5.241747015059643,0,39,9,0,2.923610088112835,2.8587164777874636,2240,1.5384615384615385
2024-09-24,0,0,0,0,0,0,0,1,82,148,27,100,25,90,14,1,4.61512051684126,1,39,9,0,2.7970189890123396,2.923610088112835,2050,0.9010989010989011
2024-09-25,0,0,0,0,0,0,0,1,130,121,58,224,49,70,5,1,5.41610040220442,2,39,9,0,2.7908068301638056,2.7970189890123396,6370,1.8309859154929577
2024-09-26,0,0,0,0,0,0,0,0,91,72,91,59,21,84,16,1,4.0943445622221,3,39,9,0,3.375713196195534,2.7908068301638056,1911,1.0705882352941176
2024-09-27,0,0,0,1,0,0,0,0,161,117,74,78,44,93,16,1,4.3694478524670215,4,39,9,0,3.390965764113492,3.375713196195534,7084,1.7127659574468086
2024-09-28,0,0,0,0,0,0,0,0,175,166,92,110,17,19,13,1,4.709530201312334,5,39,9,1,4.0637557928723975,3.390965764113492,2975,8.75
2024-09-29,0,1,0,0,0,0,0,1,185,155,63,52,36,38,23,1,3.970291913552122,6,39,9,1,4.6309403519512715,4.0637557928723975,6660,4.743589743589744
2024-09-30,0,0,0,0,0,0,0,1,155,142,70,163,41,57,17,1,5.099866427824199,0,40,9,0,4.610671696631923,4.6309403519512715,6355,2.6724137931034484
2024-10-01,0,0,0,0,0,0,1,0,174,114,17,126,19,90,4,1,4.844187086458591,1,40,10,0,4.643395492291541,4.610671696631923,3306,1.9120879120879122
2024-10-02,0,1,1,0,0,0,0,0,162,117,12,125,16,71,7,1,4.836281906951478,2,40,10,0,4.5605642786839775,4.643395492291541,2592,2.25
2024-10-03,0,0,0,0,1,0,0,0,113,177,34,154,19,22,6,1,5.043425116919247,3,40,10,0,4.696147215069284,4.5605642786839775,2147,4.913043478260869
2024-10-04,0,0,0,0,0,0,1,0,172,112,78,81,38,53,22,1,4.406719247264253,4,40,10,0,4.701471700040317,4.696147215069284,6536,3.185185185185185
2024-10-05,0,0,0,0,0,1,0,0,163,162,64,193,10,56,3,1,5.267858159063328,5,40,10,1,4.781232836861888,4.701471700040317,1630,2.8596491228070176
2024-10-06,0,0,0,0,0,0,1,1,69,139,49,158,21,73,17,1,5.0689042022202315,6,40,10,1,4.9381774495287605,4.781232836861888,1449,0.9324324324324325
2024-10-07,1,0,0,1,1,0,0,0,65,130,92,181,24,62,4,1,5.204006687076795,0,41,10,0,4.95305462942199,4.9381774495287605,1560,1.0317460317460319
2024-10-08,0,0,1,1,0,0,0,0,194,152,91,176,13,99,15,1,5.176149732573829,1,41,10,0,5.000477864581309,4.95305462942199,2522,1.94
2024-10-09,0,0,1,0,0,0,0,0,68,165,59,141,9,86,13,1,4.955827057601261,2,41,10,0,5.017555743245564,5.000477864581309,612,0.7816091954022989
2024-10-10,0,0,0,1,1,0,0,0,169,62,42,55,27,85,18,1,4.02535169073515,3,41,10,0,4.872116682362121,5.017555743245564,4563,1.9651162790697674
2024-10-11,0,0,1,0,1,0,0,0,185,173,27,237,37,53,13,1,5.472270673671475,4,41,10,0,5.02433831470601,4.872116682362121,6845,3.425925925925926
2024-10-12,0,0,0,0,0,0,0,0,87,137,66,207,42,37,8,1,5.337538079701318,5,41,10,1,5.034292589082866,5.02433831470601,3654,2.289473684210526
2024-10-13,0,0,0,1,0,1,0,1,142,60,25,0,18,11,5,0,0.0,6,41,10,1,4.310163417337118,5.034292589082866,2556,11.833333333333334
2024-10-14,0,1,0,1,1,0,0,1,154,64,89,74,21,66,16,1,4.31748811353631,0,42,10,0,4.183517906831335,4.310163417337118,3234,2.298507462686567
2024-10-15,0,0,1,1,1,0,0,0,149,59,47,93,23,66,18,1,4.543294782270004,1,42,10,0,4.093110056787931,4.183517906831335,3427,2.2238805970149254
2024-10-16,0,0,0,0,1,0,0,1,139,90,50,202,37,43,11,1,5.313205979041787,2,42,10,0,4.144164188422292,4.093110056787931,5143,3.159090909090909
2024-10-17,0,0,0,0,0,0,0,0,93,122,16,164,5,96,3,1,5.10594547390058,3,42,10,0,4.298534728874496,4.144164188422292,465,0.9587628865979382
2024-10-18,0,0,0,1,0,0,0,0,125,101,87,184,17,67,15,1,5.220355825078324,4,42,10,0,4.262546893361189,4.298534728874496,2125,1.838235294117647
2024-10-19,0,0,0,0,0,0,1,0,194,177,62,135,31,61,10,1,4.912654885736052,5,42,10,1,4.201849294223294,4.262546893361189,6014,3.129032258064516
2024-10-20,0,1,0,0,1,0,0,0,128,77,72,64,10,38,21,1,4.174387269895637,6,42,10,1,4.798190332779813,4.201849294223294,1280,3.282051282051282
2024-10-21,0,0,1,0,0,0,1,1,122,114,98,0,10,44,3,0,0.0,0,43,10,0,4.181406316560341,4.798190332779813,1220,2.7111111111111112
2024-10-22,0,0,0,0,0,0,0,0,189,66,41,156,37,84,16,1,5.056245805348308,1,43,10,0,4.254685034142955,4.181406316560341,6993,2.223529411764706
2024-10-23,1,0,0,0,1,1,0,0,145,144,47,71,34,57,7,1,4.276666119016055,2,43,10,0,4.106607911282137,4.254685034142955,4930,2.5
2024-10-24,0,0,1,0,0,0,0,0,138,112,31,174,39,42,13,1,5.1647859739235145,3,43,10,0,4.115013696999698,4.106607911282137,5382,3.2093023255813953
2024-10-25,0,0,0,1,1,0,0,0,152,87,25,152,27,84,1,1,5.030437921392435,4,43,10,0,4.087882567901715,4.115013696999698,4104,1.7882352941176471
2024-10-26,0,0,1,0,0,1,0,0,195,119,61,73,14,82,10,1,4.30406509320417,5,43,10,1,4.0009411689685885,4.087882567901715,2730,2.3493975903614457
2024-10-27,0,0,0,0,0,0,0,0,55,153,38,246,23,87,10,1,5.5093883366279774,6,43,10,1,4.1916556070732085,4.0009411689685885,1265,0.625
2024-10-28,0,0,0,0,0,0,0,0,171,102,25,194,32,18,23,1,5.272999558563747,0,44,10,0,4.944941258296601,4.1916556070732085,5472,9.0
2024-10-29,0,0,0,0,1,0,0,0,165,168,85,120,27,57,21,1,4.795790545596741,1,44,10,0,4.907733364046377,4.944941258296601,4455,2.8448275862068964
2024-10-30,0,0,1,0,0,0,0,1,111,123,26,0,8,76,23,0,0.0,2,44,10,0,4.296781061329797,4.907733364046377,888,1.4415584415584415
2024-10-31,0,0,0,0,0,0,0,0,193,103,73,212,24,92,5,1,5.3612921657094255,3,44,10,0,4.32485337444207,4.296781061329797,4632,2.075268817204301
2024-11-01,0,0,0,1,1,0,0,0,185,69,98,115,23,45,20,1,4.7535901911063645,4,44,11,0,4.285303698686918,4.32485337444207,4255,4.021739130434782
2024-11-02,1,0,0,0,0,1,0,0,138,128,22,85,46,80,20,1,4.454347296253507,5,44,11,1,4.306772584836823,4.285303698686918,6348,1.7037037037037037
2024-11-03,0,0,0,1,0,0,0,0,145,80,81,50,31,53,13,1,3.9318256327243257,6,44,11,1,4.081406484279158,4.306772584836823,4495,2.685185185185185
2024-11-04,0,0,0,0,0,0,0,0,175,107,65,62,38,91,9,1,4.143134726391533,0,45,11,0,3.919997222540271,4.081406484279158,6650,1.9021739130434783
2024-11-05,0,0,0,0,0,0,0,0,139,154,14,213,8,69,7,1,5.365976015021851,1,45,11,0,4.0014522896010005,3.919997222540271,1112,1.9857142857142858
2024-11-06,1,0,1,0,0,1,0,1,135,59,21,0,42,72,6,0,0.0,2,45,11,0,4.0014522896010005,4.0014522896010005,5670,1.8493150684931507
2024-11-07,0,0,0,0,0,0,0,0,187,59,50,0,11,14,7,0,0.0,3,45,11,0,3.2355534087853686,4.0014522896010005,2057,12.466666666666667
2024-11-08,0,0,0,1,0,1,0,1,170,88,12,158,11,96,7,1,5.0689042022202315,4,45,11,0,3.280598267515921,3.2355534087853686,1870,1.7525773195876289
2024-11-09,1,0,0,0,0,0,0,1,125,86,42,168,30,95,22,1,5.1298987149230735,5,45,11,1,3.3771056130401456,3.280598267515921,3750,1.3020833333333333
2024-11-10,1,0,1,0,0,0,0,0,141,168,95,208,30,99,1,1,5.342334251964811,6,45,11,1,3.578606844360214,3.3771056130401456,4230,1.41
2024-11-11,1,0,0,1,0,0,1,0,119,116,59,0,23,85,15,0,0.0,0,46,11,0,2.9867304548757097,3.578606844360214,2737,1.3837209302325582
2024-11-12,0,0,0,1,0,0,1,0,197,92,65,93,13,49,8,1,4.543294782270004,1,46,11,0,2.869204564482589,2.9867304548757097,2561,3.94
2024-11-13,0,0,0,1,0,0,0,1,182,101,18,0,24,28,12,0,0.0,2,46,11,0,2.869204564482589,2.869204564482589,4368,6.275862068965517
2024-11-14,0,0,0,0,0,0,0,1,72,150,91,104,46,56,22,1,4.653960350157523,3,46,11,0,3.5340560430765207,2.869204564482589,3312,1.263157894736842
2024-11-15,1,0,0,1,0,0,0,0,186,105,59,111,49,74,11,1,4.718498871295094,4,46,11,0,3.483998138658644,3.5340560430765207,9114,2.48
2024-11-16,0,1,0,0,0,0,0,0,107,125,38,232,20,76,21,1,5.4510384535657,5,46,11,1,3.5298752441790193,3.483998138658644,2140,1.3896103896103895
2024-11-17,0,0,0,0,1,0,0,0,95,117,48,180,21,27,16,1,5.198497031265826,6,46,11,1,3.5093270697934495,3.5298752441790193,1995,3.392857142857143
2024-11-18,0,0,0,0,0,1,0,1,71,155,54,169,26,59,1,1,5.135798437050262,0,47,11,0,4.24301256080063,3.5093270697934495,1846,1.1833333333333333
2024-11-19,0,0,0,0,1,0,1,1,57,174,26,0,17,39,12,0,0.0,1,47,11,0,3.5939704490477724,4.24301256080063,969,1.425
2024-11-20,0,1,0,0,1,0,0,0,172,141,65,221,16,75,0,1,5.402677381872279,2,47,11,0,4.365781503600955,3.5939704490477724,2752,2.263157894736842
2024-11-21,0,0,0,0,0,0,0,0,69,72,55,75,14,14,18,1,4.330733340286331,3,47,11,0,4.319606216476499,4.365781503600955,966,4.6
2024-11-22,0,0,0,1,0,0,0,0,127,158,76,204,5,51,10,1,5.3230099791384085,4,47,11,0,4.405964946168401,4.319606216476499,635,2.4423076923076925
2024-11-23,0,0,0,0,0,0,0,0,88,110,78,64,36,93,4,1,4.174387269895637,5,47,11,1,4.223586205644106,4.405964946168401,3168,0.9361702127659575
2024-11-24,0,0,0,0,1,0,0,1,86,93,23,0,34,14,0,0,0.0,6,47,11,1,3.480943772606131,4.223586205644106,2924,5.733333333333333
2024-11-25,0,1,0,0,0,0,1,0,124,65,76,161,12,59,19,1,5.087596335232384,0,48,11,0,3.4740577580607197,3.480943772606131,1488,2.066666666666667
2024-11-26,0,1,0,1,0,0,0,0,167,71,32,0,25,94,12,0,0.0,1,48,11,0,3.4740577580607197,3.4740577580607197,4175,1.7578947368421052
2024-11-27,0,0,0,0,0,0,0,0,153,106,70,152,26,67,7,1,5.030437921392435,2,48,11,0,3.4208806922778847,3.4740577580607197,3978,2.25
2024-11-28,0,1,0,0,1,0,0,1,80,111,32,137,22,88,5,1,4.927253685157205,3,48,11,0,3.5060978844022954,3.4208806922778847,1760,0.898876404494382
2024-11-29,0,0,0,1,1,0,0,0,172,156,36,0,6,93,16,0,0.0,4,48,11,0,2.745667887382523,3.5060978844022954,1032,1.8297872340425532
2024-11-30,0,0,0,1,0,0,0,0,103,120,63,159,48,17,11,1,5.075173815233827,5,48,11,1,2.874351679573693,2.745667887382523,4944,5.722222222222222
2024-12-01,0,0,0,0,0,0,0,0,83,139,19,0,13,40,0,0,0.0,6,48,12,1,2.874351679573693,2.874351679573693,1079,2.024390243902439
2024-12-02,0,0,0,0,0,0,0,1,171,121,98,110,7,21,2,1,4.709530201312334,0,49,12,0,2.820342231870829,2.874351679573693,1197,7.7727272727272725
2024-12-03,0,0,0,1,0,0,0,1,162,119,86,189,30,30,13,1,5.247024072160486,1,49,12,0,3.569917099322327,2.820342231870829,4860,5.225806451612903
2024-12-04,0,0,0,0,1,1,0,0,111,79,25,215,25,71,7,1,5.375278407684165,2,49,12,0,3.619180025935431,3.569917099322327,2775,1.5416666666666667
2024-12-05,0,0,0,0,0,0,0,0,72,152,50,186,34,99,10,1,5.231108616854587,3,49,12,0,3.662587873320771,3.619180025935431,2448,0.72
2024-12-06,1,0,1,1,0,0,0,0,95,81,64,142,32,42,13,1,4.962844630259907,4,49,12,0,4.371565677643615,3.662587873320771,3040,2.2093023255813953
2024-12-07,0,0,0,0,0,0,0,0,105,135,70,120,40,35,7,1,4.795790545596741,5,49,12,1,4.331653781981175,4.371565677643615,4200,2.9166666666666665
2024-12-08,1,0,0,0,1,0,0,0,184,106,95,111,30,99,2,1,4.718498871295094,6,49,12,1,5.005725049309045,4.331653781981175,5520,1.84
2024-12-09,0,0,0,0,1,0,0,1,167,158,90,160,38,49,6,1,5.081404364984463,0,50,12,0,5.0588499298336345,5.005725049309045,6346,3.34
2024-12-10,0,0,0,0,0,0,0,0,180,58,96,227,12,74,18,1,5.429345628954441,1,50,12,0,5.084895866518486,5.0588499298336345,2160,2.4
2024-12-11,0,1,0,0,1,0,0,1,162,80,58,173,14,68,3,1,5.159055299214529,2,50,12,0,5.054006851022824,5.084895866518486,2268,2.347826086956522
2024-12-12,0,0,0,1,0,0,0,0,93,120,82,136,47,24,15,1,4.919980925828125,3,50,12,0,5.0095600380190435,5.054006851022824,4371,3.72
2024-12-13,0,0,0,0,0,0,0,0,177,62,61,178,18,10,12,1,5.187385805840755,4,50,12,0,5.041637348816307,5.0095600380190435,3186,16.09090909090909
2024-12-14,0,0,1,0,0,0,0,0,157,84,11,104,44,20,19,1,4.653960350157523,5,50,12,1,5.02137589232499,5.041637348816307,6908,7.476190476190476
2024-12-15,0,0,0,0,0,0,0,0,66,70,59,98,19,64,18,1,4.59511985013459,6,50,12,1,5.0037503178734895,5.02137589232499,1254,1.0153846153846153
2024-12-16,1,0,0,0,0,0,0,0,108,113,95,0,21,11,4,0,0.0,0,51,12,0,4.277835408589994,5.0037503178734895,2268,9.0
2024-12-17,1,0,0,1,1,0,0,0,187,144,52,211,22,74,22,1,5.356586274672012,1,51,12,0,4.267441215121076,4.277835408589994,4114,2.493333333333333
2024-12-18,1,0,0,0,0,0,0,0,148,83,86,194,36,53,4,1,5.272999558563747,2,51,12,0,4.283718966456679,4.267441215121076,5328,2.740740740740741
2024-12-19,0,1,0,0,0,0,0,0,133,170,17,0,42,25,19,0,0.0,3,51,12,0,3.5808645484812325,4.283718966456679,5586,5.115384615384615
2024-12-20,0,0,0,0,0,0,0,0,195,64,68,72,27,31,23,1,4.290459441148391,4,51,12,0,3.452732210668038,3.5808645484812325,5265,6.09375
2024-12-21,1,0,0,0,0,0,0,1,94,169,74,0,27,27,3,0,0.0,5,51,12,1,2.787880732074106,3.452732210668038,2538,3.357142857142857
2024-12-22,0,0,0,0,1,0,0,0,157,145,90,136,39,56,1,1,4.919980925828125,6,51,12,1,2.834289457173182,2.787880732074106,6123,2.754385964912281
2024-12-23,0,0,0,0,0,0,0,1,111,55,21,0,43,90,12,0,0.0,0,52,12,0,2.834289457173182,2.834289457173182,4773,1.2197802197802199
2024-12-24,0,0,0,1,0,0,0,0,108,158,13,110,19,39,15,1,4.709530201312334,1,52,12,0,2.7418528752646565,2.834289457173182,2052,2.7
2024-12-25,0,0,0,0,1,0,0,0,187,146,86,150,28,19,21,1,5.017279836814924,2,52,12,0,2.7053214864433963,2.7418528752646565,5236,9.35
2024-12-26,1,1,1,0,0,0,0,0,60,81,50,144,32,67,1,1,4.976733742420574,3,52,12,0,3.4162834496463357,2.7053214864433963,1920,0.8823529411764706
2024-12-27,0,0,1,0,0,0,0,1,151,132,16,50,20,71,18,1,3.9318256327243257,4,52,12,0,3.3650500484428973,3.4162834496463357,3020,2.0972222222222223
2024-12-28,0,0,0,1,0,0,0,0,119,167,96,0,20,94,16,0,0.0,5,52,12,1,3.3650500484428973,3.3650500484428973,2380,1.2526315789473683
2024-12-29,0,0,0,0,0,0,0,0,172,128,97,52,44,89,4,1,3.970291913552122,6,52,12,1,3.2293801895463257,3.3650500484428973,7568,1.9111111111111112
2024-12-30,0,0,0,0,1,0,1,0,83,127,78,141,43,15,17,1,4.955827057601261,0,1,12,0,3.937355483489363,3.2293801895463257,3569,5.1875
